run_id,seq,route,generation,path,produced_ns,publish_enter_ns,transport_done_ns,app_obtained_ns,fully_consumed_ns,transport_ns,delivery_ns,app_read_ns,e2e_ns,payload_bytes,wire_bytes,payload_checksum_ok,retry_count,evicted,dropped
20260928-r15-W08-dzflat-b-prebuilt,0,/w08/20260928-r15-W08-dzflat-b-prebuilt_4/img66k,0,dzflat-b,170731802261291,170731802292654,170731802301338,170731802327416,170731802360692,8684,26078,33276,99401,66048,,1,0,0,0
20260928-r15-W08-dzflat-b-prebuilt,1,/w08/20260928-r15-W08-dzflat-b-prebuilt_4/img66k,0,dzflat-b,170731802372703,170731802385067,170731802386142,170731802391459,170731802408832,1075,5317,17373,36129,66048,,1,0,0,0
20260928-r15-W08-dzflat-b-prebuilt,2,/w08/20260928-r15-W08-dzflat-b-prebuilt_4/img66k,0,dzflat-b,170731802415191,170731802427537,170731802428601,170731802432753,170731802450447,1064,4152,17694,35256,66048,,1,0,0,0
20260928-r15-W08-dzflat-b-prebuilt,3,/w08/20260928-r15-W08-dzflat-b-prebuilt_4/img66k,0,dzflat-b,170731802455895,170731802468217,170731802469202,170731802473007,170731802490739,985,3805,17732,34844,66048,,1,0,0,0
20260928-r15-W08-dzflat-b-prebuilt,4,/w08/20260928-r15-W08-dzflat-b-prebuilt_4/img66k,0,dzflat-b,170731802495980,170731802508319,170731802509370,170731802513251,170731802528897,1051,3881,15646,32917,66048,,1,0,0,0
20260928-r15-W08-dzflat-b-prebuilt,5,/w08/20260928-r15-W08-dzflat-b-prebuilt_4/img66k,0,dzflat-b,170731802535132,170731802547481,170731802548486,170731802552164,170731802567035,1005,3678,14871,31903,66048,,1,0,0,0
20260928-r15-W08-dzflat-b-prebuilt,6,/w08/20260928-r15-W08-dzflat-b-prebuilt_4/img66k,0,dzflat-b,170731802572017,170731802584358,170731802585428,170731802589278,170731802603886,1070,3850,14608,31869,66048,,1,0,0,0
20260928-r15-W08-dzflat-b-prebuilt,7,/w08/20260928-r15-W08-dzflat-b-prebuilt_4/img66k,0,dzflat-b,170731802616365,170731802635663,170731802640962,170731802643916,170731802658206,5299,2954,14290,41841,66048,,1,0,0,0
20260928-r15-W08-dzflat-b-prebuilt,8,/w08/20260928-r15-W08-dzflat-b-prebuilt_4/img66k,0,dzflat-b,170731802663859,170731802676046,170731802677107,170731802681035,170731802695629,1061,3928,14594,31770,66048,,1,0,0,0
20260928-r15-W08-dzflat-b-prebuilt,9,/w08/20260928-r15-W08-dzflat-b-prebuilt_4/img66k,0,dzflat-b,170731802700596,170731802712704,170731802713747,170731802717525,170731802732205,1043,3778,14680,31609,66048,,1,0,0,0
20260928-r15-W08-dzflat-b-prebuilt,10,/w08/20260928-r15-W08-dzflat-b-prebuilt_4/img66k,0,dzflat-b,170731802736947,170731802749046,170731802750124,170731802756578,170731802771170,1078,6454,14592,34223,66048,,1,0,0,0
20260928-r15-W08-dzflat-b-prebuilt,11,/w08/20260928-r15-W08-dzflat-b-prebuilt_4/img66k,0,dzflat-b,170731802775715,170731802787836,170731802788837,170731802792801,170731802807379,1001,3964,14578,31664,66048,,1,0,0,0
20260928-r15-W08-dzflat-b-prebuilt,12,/w08/20260928-r15-W08-dzflat-b-prebuilt_4/img66k,0,dzflat-b,170731802811939,170731802824072,170731802825083,170731802828631,170731802843194,1011,3548,14563,31255,66048,,1,0,0,0
20260928-r15-W08-dzflat-b-prebuilt,13,/w08/20260928-r15-W08-dzflat-b-prebuilt_4/img66k,0,dzflat-b,170731802847866,170731802859994,170731802860965,170731802864759,170731802879357,971,3794,14598,31491,66048,,1,0,0,0
20260928-r15-W08-dzflat-b-prebuilt,14,/w08/20260928-r15-W08-dzflat-b-prebuilt_4/img66k,0,dzflat-b,170731802883905,170731802896020,170731802897051,170731802900617,170731802915195,1031,3566,14578,31290,66048,,1,0,0,0
20260928-r15-W08-dzflat-b-prebuilt,15,/w08/20260928-r15-W08-dzflat-b-prebuilt_4/img66k,0,dzflat-b,170731802919734,170731802931840,170731802932848,170731802936499,170731802951109,1008,3651,14610,31375,66048,,1,0,0,0
20260928-r15-W08-dzflat-b-prebuilt,16,/w08/20260928-r15-W08-dzflat-b-prebuilt_4/img66k,0,dzflat-b,170731802955640,170731802967732,170731802968697,170731802972331,170731802986946,965,3634,14615,31306,66048,,1,0,0,0
20260928-r15-W08-dzflat-b-prebuilt,17,/w08/20260928-r15-W08-dzflat-b-prebuilt_4/img66k,0,dzflat-b,170731802995659,170731803009703,170731803010749,170731803016088,170731803029721,1046,5339,13633,34062,66048,,1,0,0,0
20260928-r15-W08-dzflat-b-prebuilt,18,/w08/20260928-r15-W08-dzflat-b-prebuilt_4/img66k,0,dzflat-b,170731803034361,170731803046350,170731803047354,170731803051258,170731803065846,1004,3904,14588,31485,66048,,1,0,0,0
20260928-r15-W08-dzflat-b-prebuilt,19,/w08/20260928-r15-W08-dzflat-b-prebuilt_4/img66k,0,dzflat-b,170731803070540,170731803082656,170731803083618,170731803087309,170731803101899,962,3691,14590,31359,66048,,1,0,0,0
20260928-r15-W08-dzflat-b-prebuilt,20,/w08/20260928-r15-W08-dzflat-b-prebuilt_4/img66k,0,dzflat-b,170731803106503,170731803118762,170731803119718,170731803123463,170731803138335,956,3745,14872,31832,66048,,1,0,0,0
20260928-r15-W08-dzflat-b-prebuilt,21,/w08/20260928-r15-W08-dzflat-b-prebuilt_4/img66k,0,dzflat-b,170731803143007,170731803155324,170731803156328,170731803159984,170731803174875,1004,3656,14891,31868,66048,,1,0,0,0
20260928-r15-W08-dzflat-b-prebuilt,22,/w08/20260928-r15-W08-dzflat-b-prebuilt_4/img66k,0,dzflat-b,170731803179545,170731803191860,170731803193004,170731803197286,170731803212121,1144,4282,14835,32576,66048,,1,0,0,0
20260928-r15-W08-dzflat-b-prebuilt,23,/w08/20260928-r15-W08-dzflat-b-prebuilt_4/img66k,0,dzflat-b,170731803216966,170731803229311,170731803230294,170731803233989,170731803248806,983,3695,14817,31840,66048,,1,0,0,0
20260928-r15-W08-dzflat-b-prebuilt,24,/w08/20260928-r15-W08-dzflat-b-prebuilt_4/img66k,0,dzflat-b,170731803253549,170731803265910,170731803266881,170731803270608,170731803285429,971,3727,14821,31880,66048,,1,0,0,0
20260928-r15-W08-dzflat-b-prebuilt,25,/w08/20260928-r15-W08-dzflat-b-prebuilt_4/img66k,0,dzflat-b,170731803290066,170731803304756,170731803305788,170731803309564,170731803324458,1032,3776,14894,34392,66048,,1,0,0,0
20260928-r15-W08-dzflat-b-prebuilt,26,/w08/20260928-r15-W08-dzflat-b-prebuilt_4/img66k,0,dzflat-b,170731803329132,170731803342366,170731803343373,170731803347084,170731803362647,1007,3711,15563,33515,66048,,1,0,0,0
20260928-r15-W08-dzflat-b-prebuilt,27,/w08/20260928-r15-W08-dzflat-b-prebuilt_4/img66k,0,dzflat-b,170731803367038,170731803378902,170731803379892,170731803383586,170731803397971,990,3694,14385,30933,66048,,1,0,0,0
20260928-r15-W08-dzflat-b-prebuilt,28,/w08/20260928-r15-W08-dzflat-b-prebuilt_4/img66k,0,dzflat-b,170731803402478,170731803414399,170731803415376,170731803419046,170731803433408,977,3670,14362,30930,66048,,1,0,0,0
20260928-r15-W08-dzflat-b-prebuilt,29,/w08/20260928-r15-W08-dzflat-b-prebuilt_4/img66k,0,dzflat-b,170731803437881,170731803449796,170731803450851,170731803456421,170731803470810,1055,5570,14389,32929,66048,,1,0,0,0
20260928-r15-W08-dzflat-b-prebuilt,30,/w08/20260928-r15-W08-dzflat-b-prebuilt_4/img66k,0,dzflat-b,170731803475261,170731803487174,170731803488153,170731803492095,170731803506418,979,3942,14323,31157,66048,,1,0,0,0
20260928-r15-W08-dzflat-b-prebuilt,31,/w08/20260928-r15-W08-dzflat-b-prebuilt_4/img66k,0,dzflat-b,170731803510886,170731803522787,170731803523827,170731803527380,170731803541719,1040,3553,14339,30833,66048,,1,0,0,0
20260928-r15-W08-dzflat-b-prebuilt,32,/w08/20260928-r15-W08-dzflat-b-prebuilt_4/img66k,0,dzflat-b,170731803546147,170731803558031,170731803558986,170731803566155,170731803580526,955,7169,14371,34379,66048,,1,0,0,0
20260928-r15-W08-dzflat-b-prebuilt,33,/w08/20260928-r15-W08-dzflat-b-prebuilt_4/img66k,0,dzflat-b,170731803589727,170731803601635,170731803602607,170731803609139,170731803622771,972,6532,13632,33044,66048,,1,0,0,0
20260928-r15-W08-dzflat-b-prebuilt,34,/w08/20260928-r15-W08-dzflat-b-prebuilt_4/img66k,0,dzflat-b,170731803627450,170731803639394,170731803640377,170731803644315,170731803658646,983,3938,14331,31196,66048,,1,0,0,0
20260928-r15-W08-dzflat-b-prebuilt,35,/w08/20260928-r15-W08-dzflat-b-prebuilt_4/img66k,0,dzflat-b,170731803663167,170731803675082,170731803676062,170731803679662,170731803693984,980,3600,14322,30817,66048,,1,0,0,0
20260928-r15-W08-dzflat-b-prebuilt,36,/w08/20260928-r15-W08-dzflat-b-prebuilt_4/img66k,0,dzflat-b,170731803698542,170731803710442,170731803711394,170731803715162,170731803729493,952,3768,14331,30951,66048,,1,0,0,0
20260928-r15-W08-dzflat-b-prebuilt,37,/w08/20260928-r15-W08-dzflat-b-prebuilt_4/img66k,0,dzflat-b,170731803733987,170731803745867,170731803746879,170731803750402,170731803764762,1012,3523,14360,30775,66048,,1,0,0,0
20260928-r15-W08-dzflat-b-prebuilt,38,/w08/20260928-r15-W08-dzflat-b-prebuilt_4/img66k,0,dzflat-b,170731803769385,170731803781268,170731803782218,170731803786758,170731803801130,950,4540,14372,31745,66048,,1,0,0,0
20260928-r15-W08-dzflat-b-prebuilt,39,/w08/20260928-r15-W08-dzflat-b-prebuilt_4/img66k,0,dzflat-b,170731803805657,170731803817549,170731803819034,170731803861390,170731803875720,1485,42356,14330,70063,66048,,1,0,0,0
20260928-r15-W08-dzflat-b-prebuilt,40,/w08/20260928-r15-W08-dzflat-b-prebuilt_4/img262k,0,dzflat-b,170731803943548,170731804025427,170731804030333,170731804138160,170731804218378,4906,107827,80218,274830,262656,,1,0,0,0
20260928-r15-W08-dzflat-b-prebuilt,41,/w08/20260928-r15-W08-dzflat-b-prebuilt_4/img262k,0,dzflat-b,170731804223196,170731804270497,170731804271521,170731804350973,170731804405191,1024,79452,54218,181995,262656,,1,0,0,0
20260928-r15-W08-dzflat-b-prebuilt,42,/w08/20260928-r15-W08-dzflat-b-prebuilt_4/img262k,0,dzflat-b,170731804409864,170731804458007,170731804459017,170731804539183,170731804594045,1010,80166,54862,184181,262656,,1,0,0,0
20260928-r15-W08-dzflat-b-prebuilt,43,/w08/20260928-r15-W08-dzflat-b-prebuilt_4/img262k,0,dzflat-b,170731804598738,170731804646876,170731804647943,170731804727469,170731804782338,1067,79526,54869,183600,262656,,1,0,0,0
20260928-r15-W08-dzflat-b-prebuilt,44,/w08/20260928-r15-W08-dzflat-b-prebuilt_4/img262k,0,dzflat-b,170731804787036,170731804835177,170731804836187,170731804985990,170731805042868,1010,149803,56878,255832,262656,,1,0,0,0
20260928-r15-W08-dzflat-b-prebuilt,45,/w08/20260928-r15-W08-dzflat-b-prebuilt_4/img262k,0,dzflat-b,170731805047690,170731805094937,170731805096020,170731805185145,170731805239136,1083,89125,53991,191446,262656,,1,0,0,0
20260928-r15-W08-dzflat-b-prebuilt,46,/w08/20260928-r15-W08-dzflat-b-prebuilt_4/img262k,0,dzflat-b,170731805243786,170731805291054,170731805292031,170731805296629,170731805350518,977,4598,53889,106732,262656,,1,0,0,0
20260928-r15-W08-dzflat-b-prebuilt,47,/w08/20260928-r15-W08-dzflat-b-prebuilt_4/img262k,0,dzflat-b,170731805356413,170731805403667,170731805404629,170731805408725,170731805462632,962,4096,53907,106219,262656,,1,0,0,0
20260928-r15-W08-dzflat-b-prebuilt,48,/w08/20260928-r15-W08-dzflat-b-prebuilt_4/img262k,0,dzflat-b,170731805467146,170731805514428,170731805515361,170731805519290,170731805573133,933,3929,53843,105987,262656,,1,0,0,0
20260928-r15-W08-dzflat-b-prebuilt,49,/w08/20260928-r15-W08-dzflat-b-prebuilt_4/img262k,0,dzflat-b,170731805577740,170731805624988,170731805626021,170731805630182,170731805684125,1033,4161,53943,106385,262656,,1,0,0,0
20260928-r15-W08-dzflat-b-prebuilt,50,/w08/20260928-r15-W08-dzflat-b-prebuilt_4/img262k,0,dzflat-b,170731805688747,170731805736032,170731805737014,170731805740830,170731805794693,982,3816,53863,105946,262656,,1,0,0,0
20260928-r15-W08-dzflat-b-prebuilt,51,/w08/20260928-r15-W08-dzflat-b-prebuilt_4/img262k,0,dzflat-b,170731805799281,170731805846529,170731805847575,170731805851205,170731805905100,1046,3630,53895,105819,262656,,1,0,0,0
20260928-r15-W08-dzflat-b-prebuilt,52,/w08/20260928-r15-W08-dzflat-b-prebuilt_4/img262k,0,dzflat-b,170731805909792,170731805957072,170731805958078,170731805961865,170731806016345,1006,3787,54480,106553,262656,,1,0,0,0
20260928-r15-W08-dzflat-b-prebuilt,53,/w08/20260928-r15-W08-dzflat-b-prebuilt_4/img262k,0,dzflat-b,170731806020984,170731806069082,170731806070138,170731806074124,170731806127832,1056,3986,53708,106848,262656,,1,0,0,0
20260928-r15-W08-dzflat-b-prebuilt,54,/w08/20260928-r15-W08-dzflat-b-prebuilt_4/img262k,0,dzflat-b,170731806132486,170731806181732,170731806182704,170731806186536,170731806247541,972,3832,61005,115055,262656,,1,0,0,0
20260928-r15-W08-dzflat-b-prebuilt,55,/w08/20260928-r15-W08-dzflat-b-prebuilt_4/img262k,0,dzflat-b,170731806252469,170731806298925,170731806299971,170731806303757,170731806357556,1046,3786,53799,105087,262656,,1,0,0,0
20260928-r15-W08-dzflat-b-prebuilt,56,/w08/20260928-r15-W08-dzflat-b-prebuilt_4/img262k,0,dzflat-b,170731806363491,170731806410742,170731806411731,170731806415489,170731806469394,989,3758,53905,105903,262656,,1,0,0,0
20260928-r15-W08-dzflat-b-prebuilt,57,/w08/20260928-r15-W08-dzflat-b-prebuilt_4/img262k,0,dzflat-b,170731806474041,170731806521320,170731806522332,170731806526093,170731806580007,1012,3761,53914,105966,262656,,1,0,0,0
20260928-r15-W08-dzflat-b-prebuilt,58,/w08/20260928-r15-W08-dzflat-b-prebuilt_4/img262k,0,dzflat-b,170731806584736,170731806631995,170731806633003,170731806637063,170731806690946,1008,4060,53883,106210,262656,,1,0,0,0
20260928-r15-W08-dzflat-b-prebuilt,59,/w08/20260928-r15-W08-dzflat-b-prebuilt_4/img262k,0,dzflat-b,170731806695592,170731806742859,170731806743833,170731806747620,170731806801546,974,3787,53926,105954,262656,,1,0,0,0
20260928-r15-W08-dzflat-b-prebuilt,60,/w08/20260928-r15-W08-dzflat-b-prebuilt_4/img262k,0,dzflat-b,170731806806116,170731806853390,170731806854352,170731806858206,170731806912473,962,3854,54267,106357,262656,,1,0,0,0
20260928-r15-W08-dzflat-b-prebuilt,61,/w08/20260928-r15-W08-dzflat-b-prebuilt_4/img262k,0,dzflat-b,170731806917004,170731806963435,170731806964375,170731806969101,170731807024531,940,4726,55430,107527,262656,,1,0,0,0
20260928-r15-W08-dzflat-b-prebuilt,62,/w08/20260928-r15-W08-dzflat-b-prebuilt_4/img262k,0,dzflat-b,170731807029329,170731807075761,170731807076892,170731807081278,170731807135128,1131,4386,53850,105799,262656,,1,0,0,0
20260928-r15-W08-dzflat-b-prebuilt,63,/w08/20260928-r15-W08-dzflat-b-prebuilt_4/img262k,0,dzflat-b,170731807139702,170731807186948,170731807187967,170731807191716,170731807245566,1019,3749,53850,105864,262656,,1,0,0,0
20260928-r15-W08-dzflat-b-prebuilt,64,/w08/20260928-r15-W08-dzflat-b-prebuilt_4/img262k,0,dzflat-b,170731807250177,170731807297456,170731807298483,170731807302409,170731807356235,1027,3926,53826,106058,262656,,1,0,0,0
20260928-r15-W08-dzflat-b-prebuilt,65,/w08/20260928-r15-W08-dzflat-b-prebuilt_4/img262k,0,dzflat-b,170731807366580,170731807413838,170731807414850,170731807420000,170731807473932,1012,5150,53932,107352,262656,,1,0,0,0
20260928-r15-W08-dzflat-b-prebuilt,66,/w08/20260928-r15-W08-dzflat-b-prebuilt_4/img262k,0,dzflat-b,170731807478526,170731807525785,170731807526776,170731807530598,170731807584546,991,3822,53948,106020,262656,,1,0,0,0
20260928-r15-W08-dzflat-b-prebuilt,67,/w08/20260928-r15-W08-dzflat-b-prebuilt_4/img262k,0,dzflat-b,170731807589208,170731807636478,170731807637503,170731807641302,170731807695163,1025,3799,53861,105955,262656,,1,0,0,0
20260928-r15-W08-dzflat-b-prebuilt,68,/w08/20260928-r15-W08-dzflat-b-prebuilt_4/img262k,0,dzflat-b,170731807699853,170731807747106,170731807748171,170731807752158,170731807806505,1065,3987,54347,106652,262656,,1,0,0,0
20260928-r15-W08-dzflat-b-prebuilt,69,/w08/20260928-r15-W08-dzflat-b-prebuilt_4/img262k,0,dzflat-b,170731807811164,170731807858443,170731807859434,170731807863740,170731807918700,991,4306,54960,107536,262656,,1,0,0,0
20260928-r15-W08-dzflat-b-prebuilt,70,/w08/20260928-r15-W08-dzflat-b-prebuilt_4/img262k,0,dzflat-b,170731807923280,170731807969722,170731807970767,170731807974496,170731808028153,1045,3729,53657,104873,262656,,1,0,0,0
20260928-r15-W08-dzflat-b-prebuilt,71,/w08/20260928-r15-W08-dzflat-b-prebuilt_4/img262k,0,dzflat-b,170731808032820,170731808079308,170731808080392,170731808084396,170731808137771,1084,4004,53375,104951,262656,,1,0,0,0
20260928-r15-W08-dzflat-b-prebuilt,72,/w08/20260928-r15-W08-dzflat-b-prebuilt_4/img262k,0,dzflat-b,170731808142464,170731808189709,170731808190756,170731808194793,170731808248663,1047,4037,53870,106199,262656,,1,0,0,0
20260928-r15-W08-dzflat-b-prebuilt,73,/w08/20260928-r15-W08-dzflat-b-prebuilt_4/img262k,0,dzflat-b,170731808253250,170731808300531,170731808301567,170731808305240,170731808359143,1036,3673,53903,105893,262656,,1,0,0,0
20260928-r15-W08-dzflat-b-prebuilt,74,/w08/20260928-r15-W08-dzflat-b-prebuilt_4/img262k,0,dzflat-b,170731808363713,170731808410994,170731808412025,170731808415750,170731808470002,1031,3725,54252,106289,262656,,1,0,0,0
20260928-r15-W08-dzflat-b-prebuilt,75,/w08/20260928-r15-W08-dzflat-b-prebuilt_4/img262k,0,dzflat-b,170731808474596,170731808522762,170731808523848,170731808527876,170731808582773,1086,4028,54897,108177,262656,,1,0,0,0
20260928-r15-W08-dzflat-b-prebuilt,76,/w08/20260928-r15-W08-dzflat-b-prebuilt_4/img262k,0,dzflat-b,170731808587457,170731808635620,170731808636727,170731808640535,170731808695403,1107,3808,54868,107946,262656,,1,0,0,0
20260928-r15-W08-dzflat-b-prebuilt,77,/w08/20260928-r15-W08-dzflat-b-prebuilt_4/img262k,0,dzflat-b,170731808700182,170731808748293,170731808749328,170731808753355,170731808808916,1035,4027,55561,108734,262656,,1,0,0,0
20260928-r15-W08-dzflat-b-prebuilt,78,/w08/20260928-r15-W08-dzflat-b-prebuilt_4/img262k,0,dzflat-b,170731808813450,170731808860728,170731808861773,170731808865681,170731808919568,1045,3908,53887,106118,262656,,1,0,0,0
20260928-r15-W08-dzflat-b-prebuilt,79,/w08/20260928-r15-W08-dzflat-b-prebuilt_4/img262k,0,dzflat-b,170731808924210,170731808971528,170731808972550,170731808976345,170731809032841,1022,3795,56496,108631,262656,,1,0,0,0
20260928-r15-W08-dzflat-b-prebuilt,80,/w08/20260928-r15-W08-dzflat-b-prebuilt_4/img880k,0,dzflat-b,170731809244446,170731809515983,170731809517555,170731809521817,170731809875512,1572,4262,353695,631066,921600,,1,0,0,0
20260928-r15-W08-dzflat-b-prebuilt,81,/w08/20260928-r15-W08-dzflat-b-prebuilt_4/img880k,0,dzflat-b,170731809883094,170731810047799,170731810048947,170731810055616,170731810246281,1148,6669,190665,363187,921600,,1,0,0,0
20260928-r15-W08-dzflat-b-prebuilt,82,/w08/20260928-r15-W08-dzflat-b-prebuilt_4/img880k,0,dzflat-b,170731810253050,170731810420392,170731810421350,170731810426047,170731810614540,958,4697,188493,361490,921600,,1,0,0,0
20260928-r15-W08-dzflat-b-prebuilt,83,/w08/20260928-r15-W08-dzflat-b-prebuilt_4/img880k,0,dzflat-b,170731810619798,170731810784993,170731810787831,170731810794480,170731810982748,2838,6649,188268,362950,921600,,1,0,0,0
20260928-r15-W08-dzflat-b-prebuilt,84,/w08/20260928-r15-W08-dzflat-b-prebuilt_4/img880k,0,dzflat-b,170731810988014,170731811155669,170731811156766,170731811161608,170731811349281,1097,4842,187673,361267,921600,,1,0,0,0
20260928-r15-W08-dzflat-b-prebuilt,85,/w08/20260928-r15-W08-dzflat-b-prebuilt_4/img880k,0,dzflat-b,170731811354519,170731811516807,170731811517802,170731811522150,170731811707257,995,4348,185107,352738,921600,,1,0,0,0
20260928-r15-W08-dzflat-b-prebuilt,86,/w08/20260928-r15-W08-dzflat-b-prebuilt_4/img880k,0,dzflat-b,170731811712346,170731811874638,170731811875616,170731811879798,170731812062481,978,4182,182683,350135,921600,,1,0,0,0
20260928-r15-W08-dzflat-b-prebuilt,87,/w08/20260928-r15-W08-dzflat-b-prebuilt_4/img880k,0,dzflat-b,170731812067809,170731812232398,170731812233442,170731812238440,170731812429704,1044,4998,191264,361895,921600,,1,0,0,0
20260928-r15-W08-dzflat-b-prebuilt,88,/w08/20260928-r15-W08-dzflat-b-prebuilt_4/img880k,0,dzflat-b,170731812435037,170731812603239,170731812604281,170731812608875,170731812800413,1042,4594,191538,365376,921600,,1,0,0,0
20260928-r15-W08-dzflat-b-prebuilt,89,/w08/20260928-r15-W08-dzflat-b-prebuilt_4/img880k,0,dzflat-b,170731812805639,170731812971846,170731812972819,170731812976852,170731813165257,973,4033,188405,359618,921600,,1,0,0,0
20260928-r15-W08-dzflat-b-prebuilt,90,/w08/20260928-r15-W08-dzflat-b-prebuilt_4/img880k,0,dzflat-b,170731813171660,170731813336866,170731813337971,170731813342531,170731813530820,1105,4560,188289,359160,921600,,1,0,0,0
20260928-r15-W08-dzflat-b-prebuilt,91,/w08/20260928-r15-W08-dzflat-b-prebuilt_4/img880k,0,dzflat-b,170731813536030,170731813701234,170731813702210,170731813705922,170731813895015,976,3712,189093,358985,921600,,1,0,0,0
20260928-r15-W08-dzflat-b-prebuilt,92,/w08/20260928-r15-W08-dzflat-b-prebuilt_4/img880k,0,dzflat-b,170731813900109,170731814065402,170731814066545,170731814071407,170731814271542,1143,4862,200135,371433,921600,,1,0,0,0
20260928-r15-W08-dzflat-b-prebuilt,93,/w08/20260928-r15-W08-dzflat-b-prebuilt_4/img880k,0,dzflat-b,170731814278366,170731814446791,170731814447845,170731814452167,170731814644886,1054,4322,192719,366520,921600,,1,0,0,0
20260928-r15-W08-dzflat-b-prebuilt,94,/w08/20260928-r15-W08-dzflat-b-prebuilt_4/img880k,0,dzflat-b,170731814650284,170731814818564,170731814819589,170731814823931,170731815017413,1025,4342,193482,367129,921600,,1,0,0,0
20260928-r15-W08-dzflat-b-prebuilt,95,/w08/20260928-r15-W08-dzflat-b-prebuilt_4/img880k,0,dzflat-b,170731815022876,170731815187442,170731815188656,170731815193376,170731815378510,1214,4720,185134,355634,921600,,1,0,0,0
20260928-r15-W08-dzflat-b-prebuilt,96,/w08/20260928-r15-W08-dzflat-b-prebuilt_4/img880k,0,dzflat-b,170731815383726,170731815547297,170731815548345,170731815552843,170731815740422,1048,4498,187579,356696,921600,,1,0,0,0
20260928-r15-W08-dzflat-b-prebuilt,97,/w08/20260928-r15-W08-dzflat-b-prebuilt_4/img880k,0,dzflat-b,170731815745638,170731815907977,170731815908940,170731815913513,170731816102214,963,4573,188701,356576,921600,,1,0,0,0
20260928-r15-W08-dzflat-b-prebuilt,98,/w08/20260928-r15-W08-dzflat-b-prebuilt_4/img880k,0,dzflat-b,170731816107856,170731816276018,170731816277156,170731816281970,170731816473700,1138,4814,191730,365844,921600,,1,0,0,0
20260928-r15-W08-dzflat-b-prebuilt,99,/w08/20260928-r15-W08-dzflat-b-prebuilt_4/img880k,0,dzflat-b,170731816478951,170731816644190,170731816645264,170731816649488,170731816837765,1074,4224,188277,358814,921600,,1,0,0,0
20260928-r15-W08-dzflat-b-prebuilt,100,/w08/20260928-r15-W08-dzflat-b-prebuilt_4/img880k,0,dzflat-b,170731816842978,170731817007674,170731817008721,170731817013460,170731817201720,1047,4739,188260,358742,921600,,1,0,0,0
20260928-r15-W08-dzflat-b-prebuilt,101,/w08/20260928-r15-W08-dzflat-b-prebuilt_4/img880k,0,dzflat-b,170731817208365,170731817376570,170731817377634,170731817381939,170731817573557,1064,4305,191618,365192,921600,,1,0,0,0
20260928-r15-W08-dzflat-b-prebuilt,102,/w08/20260928-r15-W08-dzflat-b-prebuilt_4/img880k,0,dzflat-b,170731817578821,170731817747923,170731817749108,170731817753073,170731817944820,1185,3965,191747,365999,921600,,1,0,0,0
20260928-r15-W08-dzflat-b-prebuilt,103,/w08/20260928-r15-W08-dzflat-b-prebuilt_4/img880k,0,dzflat-b,170731817950271,170731818120713,170731818121885,170731818126712,170731818318444,1172,4827,191732,368173,921600,,1,0,0,0
20260928-r15-W08-dzflat-b-prebuilt,104,/w08/20260928-r15-W08-dzflat-b-prebuilt_4/img880k,0,dzflat-b,170731818323992,170731818492397,170731818493414,170731818497932,170731818689185,1017,4518,191253,365193,921600,,1,0,0,0
20260928-r15-W08-dzflat-b-prebuilt,105,/w08/20260928-r15-W08-dzflat-b-prebuilt_4/img880k,0,dzflat-b,170731818702948,170731818921161,170731818925468,170731818932981,170731819121191,4307,7513,188210,418243,921600,,1,0,0,0
20260928-r15-W08-dzflat-b-prebuilt,106,/w08/20260928-r15-W08-dzflat-b-prebuilt_4/img880k,0,dzflat-b,170731819127609,170731819295818,170731819296995,170731819301765,170731819493607,1177,4770,191842,365998,921600,,1,0,0,0
20260928-r15-W08-dzflat-b-prebuilt,107,/w08/20260928-r15-W08-dzflat-b-prebuilt_4/img880k,0,dzflat-b,170731819498913,170731819667130,170731819668219,170731819672649,170731819864359,1089,4430,191710,365446,921600,,1,0,0,0
20260928-r15-W08-dzflat-b-prebuilt,108,/w08/20260928-r15-W08-dzflat-b-prebuilt_4/img880k,0,dzflat-b,170731819869611,170731820034496,170731820035594,170731820040282,170731820229234,1098,4688,188952,359623,921600,,1,0,0,0
20260928-r15-W08-dzflat-b-prebuilt,109,/w08/20260928-r15-W08-dzflat-b-prebuilt_4/img880k,0,dzflat-b,170731820234598,170731820402811,170731820403797,170731820408532,170731820600180,986,4735,191648,365582,921600,,1,0,0,0
20260928-r15-W08-dzflat-b-prebuilt,110,/w08/20260928-r15-W08-dzflat-b-prebuilt_4/img880k,0,dzflat-b,170731820605445,170731820773632,170731820774658,170731820779149,170731820970862,1026,4491,191713,365417,921600,,1,0,0,0
20260928-r15-W08-dzflat-b-prebuilt,111,/w08/20260928-r15-W08-dzflat-b-prebuilt_4/img880k,0,dzflat-b,170731820977156,170731821146133,170731821147310,170731821152056,170731821343767,1177,4746,191711,366611,921600,,1,0,0,0
20260928-r15-W08-dzflat-b-prebuilt,112,/w08/20260928-r15-W08-dzflat-b-prebuilt_4/img880k,0,dzflat-b,170731821349577,170731821517881,170731821519304,170731821530287,170731821722304,1423,10983,192017,372727,921600,,1,0,0,0
20260928-r15-W08-dzflat-b-prebuilt,113,/w08/20260928-r15-W08-dzflat-b-prebuilt_4/img880k,0,dzflat-b,170731821731156,170731821899464,170731821900653,170731821906500,170731822099149,1189,5847,192649,367993,921600,,1,0,0,0
20260928-r15-W08-dzflat-b-prebuilt,114,/w08/20260928-r15-W08-dzflat-b-prebuilt_4/img880k,0,dzflat-b,170731822104557,170731822272945,170731822274538,170731822283667,170731822475132,1593,9129,191465,370575,921600,,1,0,0,0
20260928-r15-W08-dzflat-b-prebuilt,115,/w08/20260928-r15-W08-dzflat-b-prebuilt_4/img880k,0,dzflat-b,170731822481830,170731822647214,170731822648510,170731822654018,170731822842638,1296,5508,188620,360808,921600,,1,0,0,0
20260928-r15-W08-dzflat-b-prebuilt,116,/w08/20260928-r15-W08-dzflat-b-prebuilt_4/img880k,0,dzflat-b,170731822848664,170731823017109,170731823018401,170731823023337,170731823212849,1292,4936,189512,364185,921600,,1,0,0,0
20260928-r15-W08-dzflat-b-prebuilt,117,/w08/20260928-r15-W08-dzflat-b-prebuilt_4/img880k,0,dzflat-b,170731823218259,170731823386482,170731823387627,170731823392345,170731823584006,1145,4718,191661,365747,921600,,1,0,0,0
20260928-r15-W08-dzflat-b-prebuilt,118,/w08/20260928-r15-W08-dzflat-b-prebuilt_4/img880k,0,dzflat-b,170731823589405,170731823757598,170731823758941,170731823765995,170731823958549,1343,7054,192554,369144,921600,,1,0,0,0
20260928-r15-W08-dzflat-b-prebuilt,119,/w08/20260928-r15-W08-dzflat-b-prebuilt_4/img880k,0,dzflat-b,170731823964794,170731824128915,170731824130038,170731824136515,170731824328276,1123,6477,191761,363482,921600,,1,0,0,0
