id	n_direct_writers	verdict	evidence
budget_yields	1	wired	src/dzIPC/threepools/recv_worker.cc:431
capacity_first_failed_resource_recorded	1	wired	src/dzIPC/shm_pub_sub_ipc.cc:1950
chunk_alloc_failed	1	wired	src/libipc/ipc.cpp:720
chunk_exhausted	1	wired	src/libipc/ipc.cpp:723
deferred_drains	1	wired	src/dzIPC/threepools/recv_worker.cc:432
dzflat_a_messages	1	wired	src/dzIPC/common/nodelet_config.cc:76
dzflat_b_messages	1	wired	src/dzIPC/common/nodelet_config.cc:80
dzflat_wire_bytes	3	wired	src/dzIPC/common/nodelet_config.cc:77;src/dzIPC/common/nodelet_config.cc:81;src/dzIPC/common/nodelet_config.cc:87
fallback_backend_unavailable	2	wired	src/dzIPC/shm_pub_sub_ipc.cc:1912;src/dzIPC/shm_pub_sub_ipc.cc:1916
fallback_capacity_full	1	wired	src/dzIPC/shm_pub_sub_ipc.cc:1920
fallback_total	3	wired	src/dzIPC/shm_pub_sub_ipc.cc:1911;src/dzIPC/shm_pub_sub_ipc.cc:1915;src/dzIPC/shm_pub_sub_ipc.cc:1919
idle_exits	1	wired	src/dzIPC/threepools/recv_worker.cc:514
queue_evicted	1	wired	include/dzIPC/common/circularqueue.h:132
recv_once_calls	1	wired	src/dzIPC/threepools/recv_worker.cc:382
recv_once_over_budget	1	wired	src/dzIPC/threepools/recv_worker.cc:379
registration_attempts	1	wired	src/dzIPC/shm_pub_sub_ipc.cc:1824
registration_busy	1	wired	src/dzIPC/shm_pub_sub_ipc.cc:1928
registration_duplicate	1	wired	src/dzIPC/shm_pub_sub_ipc.cc:1931
registration_failed	1	wired	src/dzIPC/shm_pub_sub_ipc.cc:1945
registration_invalid_route	1	wired	src/dzIPC/shm_pub_sub_ipc.cc:1937
registration_invalid_token	1	wired	src/dzIPC/shm_pub_sub_ipc.cc:1925
registration_ok	1	wired	src/dzIPC/shm_pub_sub_ipc.cc:1857
registration_stopped	1	wired	src/dzIPC/shm_pub_sub_ipc.cc:1934
thread_restarts	1	wired	src/dzIPC/threepools/recv_worker.cc:631
tlv_messages	1	wired	src/dzIPC/common/nodelet_config.cc:72
tlv_wire_bytes	1	wired	src/dzIPC/common/nodelet_config.cc:73
wait_set_full	1	wired	src/dzIPC/shm_pub_sub_ipc.cc:1921
wait_timeout_count	1	wired	src/dzIPC/threepools/recv_worker.cc:452
wait_token_invalid	1	wired	src/dzIPC/shm_pub_sub_ipc.cc:1924
borrow_failed_no_receiver	0	potential_used	carrier=note_dzflat_borrow_failed users=['include/dzIPC/shm_pub_sub_ipc.h']
borrow_failed_publish	0	potential_used	carrier=note_dzflat_borrow_failed users=['include/dzIPC/shm_pub_sub_ipc.h']
borrow_failed_reason_unknown	0	potential_used	carrier=note_dzflat_borrow_failed users=['include/dzIPC/shm_pub_sub_ipc.h']
deferred_depth_after_last	0	potential_used	carrier=ScanRoundScope users=['include/dzIPC/measure/measurement.h', 'include/dzIPC/measure/proc_sampler.h', 'src/dzIPC/threepools/recv_worker.cc']
deferred_depth_after_max	0	potential_used	carrier=ScanRoundScope users=['include/dzIPC/measure/measurement.h', 'include/dzIPC/measure/proc_sampler.h', 'src/dzIPC/threepools/recv_worker.cc']
deferred_depth_after_total	0	potential_used	carrier=ScanRoundScope users=['include/dzIPC/measure/measurement.h', 'include/dzIPC/measure/proc_sampler.h', 'src/dzIPC/threepools/recv_worker.cc']
deferred_depth_last	0	potential_used	carrier=ScanRoundScope users=['include/dzIPC/measure/measurement.h', 'include/dzIPC/measure/proc_sampler.h', 'src/dzIPC/threepools/recv_worker.cc']
deferred_depth_max	0	potential_used	carrier=ScanRoundScope users=['include/dzIPC/measure/measurement.h', 'include/dzIPC/measure/proc_sampler.h', 'src/dzIPC/threepools/recv_worker.cc']
ready_observed	0	potential_used	carrier=ScanRoundScope users=['include/dzIPC/measure/measurement.h', 'include/dzIPC/measure/proc_sampler.h', 'src/dzIPC/threepools/recv_worker.cc']
scan_ready_routes_total	0	potential_used	carrier=ScanRoundScope users=['include/dzIPC/measure/measurement.h', 'include/dzIPC/measure/proc_sampler.h', 'src/dzIPC/threepools/recv_worker.cc']
scan_time_ns_total	0	potential_used	carrier=ScanRoundScope users=['include/dzIPC/measure/measurement.h', 'include/dzIPC/measure/proc_sampler.h', 'src/dzIPC/threepools/recv_worker.cc']
scan_rounds	0	selftest_only	self-test only: include/dzIPC/measure/proc_sampler.h:784;include/dzIPC/measure/proc_sampler.h:791
scanned_routes_total	0	selftest_only	self-test only: include/dzIPC/measure/proc_sampler.h:768
borrow_failed_oversized	0	table_only	counter_table only
borrow_failed_pool_exhausted	0	table_only	counter_table only
dzflat_a_bytes	0	table_only	counter_table only
dzflat_b_bytes	0	table_only	counter_table only
fallback_oversized	0	table_only	counter_table only
fallback_pool_exhausted	0	table_only	counter_table only
fallback_reason_unknown	0	table_only	counter_table only
fallback_type_incompatible	0	table_only	counter_table only
fd_limit	0	table_only	counter_table only
generation_mismatch	0	table_only	counter_table only
path_selection_dzflat_disabled	0	table_only	counter_table only
path_selection_type_unsupported	0	table_only	counter_table only
payload_checksum_bad	0	table_only	counter_table only
payload_checksum_ok	0	table_only	counter_table only
publish_blocked	0	table_only	counter_table only
publish_failed	0	table_only	counter_table only
queue_backpressure	0	table_only	counter_table only
registration_rejected	0	table_only	counter_table only
rx_timeout	0	table_only	counter_table only
seq_duplicate	0	table_only	counter_table only
seq_lost	0	table_only	counter_table only
seq_monotonic_ok	0	table_only	counter_table only
seq_out_of_order	0	table_only	counter_table only
tlv_bytes	0	table_only	counter_table only
