id	n_sites	n_files	verdict	evidence
tlv_messages	1	1	single	src/dzIPC/common/nodelet_config.cc:72
dzflat_a_messages	1	1	single	src/dzIPC/common/nodelet_config.cc:76
dzflat_b_messages	1	1	single	src/dzIPC/common/nodelet_config.cc:80
tlv_bytes	0	0	none	-
dzflat_a_bytes	0	0	none	-
dzflat_b_bytes	0	0	none	-
tlv_wire_bytes	1	1	single	src/dzIPC/common/nodelet_config.cc:73
dzflat_wire_bytes	3	1	single_file_multi_branch	src/dzIPC/common/nodelet_config.cc:77;src/dzIPC/common/nodelet_config.cc:81;src/dzIPC/common/nodelet_config.cc:87
fallback_total	3	1	single_file_multi_branch	src/dzIPC/shm_pub_sub_ipc.cc:1911;src/dzIPC/shm_pub_sub_ipc.cc:1915;src/dzIPC/shm_pub_sub_ipc.cc:1919
fallback_backend_unavailable	2	1	single_file_multi_branch	src/dzIPC/shm_pub_sub_ipc.cc:1912;src/dzIPC/shm_pub_sub_ipc.cc:1916
fallback_capacity_full	1	1	single	src/dzIPC/shm_pub_sub_ipc.cc:1920
fallback_type_incompatible	0	0	none	-
fallback_oversized	0	0	none	-
fallback_pool_exhausted	0	0	none	-
registration_attempts	1	1	single	src/dzIPC/shm_pub_sub_ipc.cc:1824
registration_ok	1	1	single	src/dzIPC/shm_pub_sub_ipc.cc:1857
registration_failed	1	1	single	src/dzIPC/shm_pub_sub_ipc.cc:1945
registration_rejected	0	0	none	-
registration_duplicate	1	1	single	src/dzIPC/shm_pub_sub_ipc.cc:1931
registration_busy	1	1	single	src/dzIPC/shm_pub_sub_ipc.cc:1928
registration_stopped	1	1	single	src/dzIPC/shm_pub_sub_ipc.cc:1934
registration_invalid_token	1	1	single	src/dzIPC/shm_pub_sub_ipc.cc:1925
registration_invalid_route	1	1	single	src/dzIPC/shm_pub_sub_ipc.cc:1937
wait_set_full	1	1	single	src/dzIPC/shm_pub_sub_ipc.cc:1921
wait_token_invalid	1	1	single	src/dzIPC/shm_pub_sub_ipc.cc:1924
fd_limit	0	0	none	-
capacity_first_failed_resource_recorded	1	1	single	src/dzIPC/shm_pub_sub_ipc.cc:1950
chunk_exhausted	1	1	single	src/libipc/ipc.cpp:723
chunk_alloc_failed	1	1	single	src/libipc/ipc.cpp:720
queue_evicted	1	1	single	include/dzIPC/common/circularqueue.h:132
queue_backpressure	0	0	none	-
generation_mismatch	0	0	none	-
publish_blocked	0	0	none	-
publish_failed	0	0	none	-
rx_timeout	0	0	none	-
scan_rounds	2	1	single_file_multi_branch	include/dzIPC/measure/proc_sampler.h:784;include/dzIPC/measure/proc_sampler.h:791
scanned_routes_total	1	1	single	include/dzIPC/measure/proc_sampler.h:768
scan_time_ns_total	0	0	none	-
wait_timeout_count	1	1	single	src/dzIPC/threepools/recv_worker.cc:452
ready_observed	0	0	none	-
deferred_depth_last	0	0	none	-
deferred_depth_max	0	0	none	-
deferred_drains	1	1	single	src/dzIPC/threepools/recv_worker.cc:432
budget_yields	1	1	single	src/dzIPC/threepools/recv_worker.cc:431
idle_exits	1	1	single	src/dzIPC/threepools/recv_worker.cc:514
thread_restarts	1	1	single	src/dzIPC/threepools/recv_worker.cc:631
recv_once_calls	1	1	single	src/dzIPC/threepools/recv_worker.cc:382
recv_once_over_budget	1	1	single	src/dzIPC/threepools/recv_worker.cc:379
seq_monotonic_ok	0	0	none	-
seq_out_of_order	0	0	none	-
seq_duplicate	0	0	none	-
seq_lost	0	0	none	-
payload_checksum_ok	0	0	none	-
payload_checksum_bad	0	0	none	-
path_selection_dzflat_disabled	0	0	none	-
path_selection_type_unsupported	0	0	none	-
fallback_reason_unknown	0	0	none	-
borrow_failed_no_receiver	0	0	none	-
borrow_failed_pool_exhausted	0	0	none	-
borrow_failed_oversized	0	0	none	-
borrow_failed_publish	0	0	none	-
borrow_failed_reason_unknown	0	0	none	-
