diag	W	N	rounds	scanned_tot	mean_routes/round	scan_time_ns_tot	us/round	wait_timeouts	ready_ratio	deferred_max
off	4	100	953	23825	25.00	0	0.000	0	0.3127	10
off	4	500	951	118875	125.00	0	0.000	0	0.3134	30
off	4	1000	956	121412	127.00	0	0.000	0	0.3138	16
off	8	100	1250	15639	12.51	0	0.000	0	0.2392	3
off	8	500	1235	77222	62.53	0	0.000	0	0.2421	12
off	8	1000	1241	155132	125.01	0	0.000	0	0.2409	11
off	16	100	1706	10676	6.26	0	0.000	0	0.1747	7
off	16	500	1729	54674	31.62	0	0.000	0	0.1729	14
off	16	1000	1727	107963	62.51	0	0.000	0	0.1731	17
off	32	100	2746	9070	3.30	0	0.000	0	0.1089	3
off	32	500	2720	43057	15.83	0	0.000	0	0.1099	10
off	32	1000	2732	85893	31.44	0	0.000	0	0.1094	6
on	4	100	954	23850	25.00	444371	0.466	60	0.3124	11
on	4	500	950	118750	125.00	1638887	1.725	56	0.3137	27
on	4	1000	956	121412	127.00	1358530	1.421	56	0.3138	9
on	8	100	1252	15664	12.51	756712	0.604	355	0.2388	2
on	8	500	1237	77354	62.53	2545006	2.057	340	0.2417	14
on	8	1000	1240	155008	125.01	4791460	3.864	343	0.2411	16
on	16	100	1711	10709	6.26	906115	0.530	811	0.1748	6
on	16	500	1731	54718	31.61	3279385	1.895	832	0.1727	16
on	16	1000	1727	107967	62.52	6056024	3.507	817	0.1731	16
on	32	100	2751	9091	3.30	1366392	0.497	1779	0.1087	6
on	32	500	2723	43094	15.83	3782525	1.389	1771	0.1098	13
on	32	1000	2731	85867	31.44	5713084	2.092	1761	0.1095	8
