table	lines	batch	explicit	verdict
T01	21-32	N/A（口径/定义/清单，或速查状态位）	◐ 状态/定义表，不承载读数	✅ 同批 —— 无独立读数格；引用的批在正文均已标名
T02	60-65	N/A（口径/定义/清单，或速查状态位）	◐ 状态/定义表，不承载读数	✅ 同批 —— 无独立读数格；引用的批在正文均已标名
T03	117-122	N/A（口径/定义/清单，或速查状态位）	◐ 状态/定义表，不承载读数	✅ 同批 —— 无独立读数格；引用的批在正文均已标名
T04	126-128	DZFlat 旧批（cf209393…）	✅ 表头写「旧批」	✅ 同批 —— 6 轮 birth 复算一致（旧批保留作沿革，表头写「旧批」）
T05	145-152	DZFlat 新批（f0ebc3ef…）	✅ 上文 §1.4c 写明 run_id + 库指纹	✅ 同批 —— 6 轮纳秒窗口复算一致
T06	193-202	CPU/扫描批（cf209393…）	✅ §1.3/§4.1 写明	✅ 同批 —— §2.2 8 行全部子格复算一致
T07	217-225	N/A（口径/定义/清单，或速查状态位）	◐ 状态/定义表，不承载读数	✅ 同批 —— 无独立读数格；引用的批在正文均已标名
T08	232-237	N/A（口径/定义/清单，或速查状态位）	◐ 状态/定义表，不承载读数	✅ 同批 —— 无独立读数格；引用的批在正文均已标名
T09	248-253	CPU/扫描批（cf209393…）scan 组	✅ §1.3 写明	✅ 同批 —— §3.1 4 行复算一致
T10	257-262	本批（cf209393…）+ t38 外部批	✅ 表注写明跨批	✅ 同批 —— 本批 4 行复算一致；t38 列为外部批（表注已给 settle 差异）
T11	274-277	双时点：写作时点=CPU/扫描批（cf209393…）；现时点=t68 复跑（库 0186853e…，仅存于 gitignored tmp/）	◐ 双时点已标，但现行后读数未给指纹	✅ 同批 —— ⚠️ 现时点那行**未在表内给库指纹**；其实物库 = 0186853e1eadb5eab881ce5d0b7ed8d30875ff4d702d3cd6285760c1a37734ad（tmp/t68/ev/manifest.json，09:56:34 落盘；该目录被 .gitignore:97 `tmp/**` 覆盖 ⇒ manifest 不在 tracked 产物内，tracked 的 t53_after_evidence/counters.json 只是 counters 副本、无库字段）
T12	311-316	N/A（口径/定义/清单，或速查状态位）	◐ 状态/定义表，不承载读数	✅ 同批 —— 无独立读数格；引用的批在正文均已标名
T13	333-340	DZFlat 新批（f0ebc3ef…）	✅ 表注写明	✅ 同批 —— 54 格机械复算：命中新批 54/54、命中旧批 0、无命中 0
T14	366-370	DZFlat 新批（f0ebc3ef…）	✅ 表头写「新批」	✅ 同批 —— 逐轮中位复算一致，旧批同格仅作沿革 sub-line
T15	429-433	N/A（口径/定义/清单，或速查状态位）	◐ 状态/定义表，不承载读数	✅ 同批 —— 无独立读数格；引用的批在正文均已标名
T16	470-479	N/A（各条自带证据列，跨批引用已逐条标注）	✅ 逐条给证据	✅ 同批 —— X-5/X-6/X-7 分母与读数复算一致（43/43、59/60、2000/6/5942）
T17	485-495	外部批：r40（558f47ed…）、r47（cf209393…）+ r34/t33/t43 + 本批新 run	✅ 逐行给来源	✅ 同批 —— 逐行给来源 run_id 与现行性；r40/r47 指纹已实物核对
T18	501-510	CPU/扫描批（cf209393…）scan r5	✅ 写明 run 路径	✅ 同批 —— 失败轮与逐值差异复算一致（−2 轮 / −68 route）
T19	518-525	N/A（交付物清单，含两个 run 目录各带指纹文件）	✅ 列 run 目录	✅ 同批 —— 目录实物存在
T20	556-566	修复对照表（逐行给旧值→新值 + 复算命令，跨批已按批标注）	✅ 逐行给批与命令	✅ 同批 —— F1R2/F3R2 的批归属与上面的 54 格复算结论一致
T21	570-576	r49/r69 读数 或 ctest 结果（表内写明）	✅ 表内写明度量对象	✅ 同批 —— 与实物复算一致（重叠 0 / 43 格 / 29 项等）
T22	654-657	r49/r69 读数 或 ctest 结果（表内写明）	✅ 表内写明度量对象	✅ 同批 —— 与实物复算一致（重叠 0 / 43 格 / 29 项等）
T23	662-666	r49/r69 读数 或 ctest 结果（表内写明）	✅ 表内写明度量对象	✅ 同批 —— 与实物复算一致（重叠 0 / 43 格 / 29 项等）
T24	695-703	修复对照表（逐行给旧值→新值 + 复算命令，跨批已按批标注）	✅ 逐行给批与命令	✅ 同批 —— F1R2/F3R2 的批归属与上面的 54 格复算结论一致
T25	767-772	修复对照表（逐行给旧值→新值 + 复算命令，跨批已按批标注）	✅ 逐行给批与命令	✅ 同批 —— F1R2/F3R2 的批归属与上面的 54 格复算结论一致
T26	813-818	CPU/扫描批 + DZFlat 新批（恢复 provenance，逐行给来源）	✅ 逐行给来源	✅ 同批 —— git HEAD 比对：共有键改值 0
T27	827-833	r49/r69 读数 或 ctest 结果（表内写明）	✅ 表内写明度量对象	✅ 同批 —— 与实物复算一致（重叠 0 / 43 格 / 29 项等）
