phase,ms,note
prepare,0,"话题名与台账预置"
register,18,"建通道 + InitChannel"
handshake,90005,"registered=0/20 confirmed=0 pool=20"
warmup,200,"控制面稳定"
fixed-rate,0,"定速发布"
drain-verify,120001,"valid_rx=0/20"
silence,3000,"state=no_registered_route window_s=3.006 cpu_cores=0.00333 ctx_per_s=189.9 threads=18 peak=18 unreadable_tids=0"
recover,7002,"silence_ms=3000 resume_msgs=5 rx_after=0 ok=0 恢复延迟=-1us 发送绝对=125584865134us 接收绝对=-1us 阶段耗时=7002616us lost=6 new_seq_only=1"
concurrent-close,0,"并发析构后半数订阅 closed=10 ms=0"
rebuild,-1,"n/a（socket 无 generation 概念）"
reclaim,500,"routes=10->0"
