route,registered,planned,sent,sent_ok,rx,dup,out_of_order,corrupt,timeout,rx_after_silence,first_packet_ok,first_packet_us,confirm_rx
w10_shm_independent_9801_0,1,8,8,0,8,0,0,0,0,5,1,181921290144,1
w10_shm_independent_9801_1,1,4,5,0,4,0,0,0,0,0,1,181921290146,1
w10_shm_independent_9801_2,1,3,3,0,3,0,0,0,0,0,1,181921290147,1
w10_shm_independent_9801_3,1,3,3,0,3,0,0,0,0,0,1,181921290149,1
w10_shm_independent_9801_4,1,3,3,0,3,0,0,0,0,0,1,181921290150,1
w10_shm_independent_9801_5,1,3,3,0,3,0,0,0,0,0,1,181921290151,1
w10_shm_independent_9801_6,1,3,3,0,3,0,0,0,0,0,1,181921290152,1
w10_shm_independent_9801_7,1,3,3,0,3,0,0,0,0,0,1,181921290153,1
w10_shm_independent_9801_8,1,3,3,0,3,0,0,0,0,0,1,181921290161,1
w10_shm_independent_9801_9,1,3,3,0,3,0,0,0,0,0,1,181921290162,1
w10_shm_independent_9801_10,1,3,3,0,3,0,0,0,0,0,1,181921290163,1
w10_shm_independent_9801_11,1,3,3,0,3,0,0,0,0,0,1,181921290164,1
w10_shm_independent_9801_12,1,3,3,0,3,0,0,0,0,0,1,181921290165,1
w10_shm_independent_9801_13,1,3,3,0,3,0,0,0,0,0,1,181921290166,1
w10_shm_independent_9801_14,1,3,3,0,3,0,0,0,0,0,1,181921290168,1
w10_shm_independent_9801_15,1,3,3,0,3,0,0,0,0,0,1,181921290169,1
w10_shm_independent_9801_16,1,3,3,0,3,0,0,0,0,0,1,181921290171,1
w10_shm_independent_9801_17,1,3,3,0,3,0,0,0,0,0,1,181921290172,1
w10_shm_independent_9801_18,1,3,3,0,3,0,0,0,0,0,1,181921290173,1
w10_shm_independent_9801_19,1,3,3,0,3,0,0,0,0,0,1,181921290174,1
w10_shm_independent_9801_20,1,3,3,0,3,0,0,0,0,0,1,181921290175,1
w10_shm_independent_9801_21,1,3,3,0,3,0,0,0,0,0,1,181921290176,1
w10_shm_independent_9801_22,1,3,3,0,3,0,0,0,0,0,1,181921290177,1
w10_shm_independent_9801_23,1,3,3,0,3,0,0,0,0,0,1,181921290179,1
w10_shm_independent_9801_24,1,3,3,0,3,0,0,0,0,0,1,181921290180,1
w10_shm_independent_9801_25,1,3,3,0,3,0,0,0,0,0,1,181921290181,1
w10_shm_independent_9801_26,1,3,3,0,3,0,0,0,0,0,1,181921290182,1
w10_shm_independent_9801_27,1,3,3,0,3,0,0,0,0,0,1,181921290183,1
w10_shm_independent_9801_28,1,3,3,0,3,0,0,0,0,0,1,181921290184,1
w10_shm_independent_9801_29,1,3,3,0,3,0,0,0,0,0,1,181921290185,1
w10_shm_independent_9801_30,1,3,3,0,3,0,0,0,0,0,1,181921290186,1
w10_shm_independent_9801_31,1,3,3,0,3,0,0,0,0,0,1,181921290188,1
w10_shm_independent_9801_32,1,3,3,0,3,0,0,0,0,0,1,181921290189,1
w10_shm_independent_9801_33,1,3,3,0,3,0,0,0,0,0,1,181921290190,1
w10_shm_independent_9801_34,1,3,3,0,3,0,0,0,0,0,1,181921290191,1
w10_shm_independent_9801_35,1,3,3,0,3,0,0,0,0,0,1,181921290192,1
w10_shm_independent_9801_36,1,3,3,0,3,0,0,0,0,0,1,181921290193,1
w10_shm_independent_9801_37,1,3,3,0,3,0,0,0,0,0,1,181921290194,1
w10_shm_independent_9801_38,1,3,3,0,3,0,0,0,0,0,1,181921290200,1
w10_shm_independent_9801_39,1,3,3,0,3,0,0,0,0,0,1,181921290201,1
w10_shm_independent_9801_40,1,3,3,0,3,0,0,0,0,0,1,181921290202,1
w10_shm_independent_9801_41,1,3,3,0,3,0,0,0,0,0,1,181921290203,1
w10_shm_independent_9801_42,1,3,3,0,3,0,0,0,0,0,1,181921290205,1
w10_shm_independent_9801_43,1,3,3,0,3,0,0,0,0,0,1,181921290206,1
w10_shm_independent_9801_44,1,3,3,0,3,0,0,0,0,0,1,181921290207,1
w10_shm_independent_9801_45,1,3,3,0,3,0,0,0,0,0,1,181921290208,1
w10_shm_independent_9801_46,1,3,3,0,3,0,0,0,0,0,1,181921290209,1
w10_shm_independent_9801_47,1,3,3,0,3,0,0,0,0,0,1,181921290210,1
w10_shm_independent_9801_48,1,3,3,0,3,0,0,0,0,0,1,181921290211,1
w10_shm_independent_9801_49,1,3,3,0,3,0,0,0,0,0,1,181921290212,1
w10_shm_independent_9801_50,1,3,3,0,3,0,0,0,0,0,1,181921290213,1
w10_shm_independent_9801_51,1,3,3,0,3,0,0,0,0,0,1,181921290214,1
w10_shm_independent_9801_52,1,3,3,0,3,0,0,0,0,0,1,181921290215,1
w10_shm_independent_9801_53,1,3,3,0,3,0,0,0,0,0,1,181921290215,1
w10_shm_independent_9801_54,1,3,3,0,3,0,0,0,0,0,1,181921290216,1
w10_shm_independent_9801_55,1,3,3,0,3,0,0,0,0,0,1,181921290217,1
w10_shm_independent_9801_56,1,3,3,0,3,0,0,0,0,0,1,181921290218,1
w10_shm_independent_9801_57,1,3,3,0,3,0,0,0,0,0,1,181921290219,1
w10_shm_independent_9801_58,1,3,3,0,3,0,0,0,0,0,1,181921290220,1
w10_shm_independent_9801_59,1,3,3,0,3,0,0,0,0,0,1,181921290221,1
w10_shm_independent_9801_60,1,3,3,0,3,0,0,0,0,0,1,181921290222,1
w10_shm_independent_9801_61,1,3,3,0,3,0,0,0,0,0,1,181921290223,1
w10_shm_independent_9801_62,1,3,3,0,3,0,0,0,0,0,1,181921290224,1
w10_shm_independent_9801_63,1,3,3,0,3,0,0,0,0,0,1,181921290225,1
w10_shm_independent_9801_64,1,3,3,0,3,0,0,0,0,0,1,181921290226,1
w10_shm_independent_9801_65,1,3,3,0,3,0,0,0,0,0,1,181921290227,1
w10_shm_independent_9801_66,1,3,3,0,3,0,0,0,0,0,1,181921290228,1
w10_shm_independent_9801_67,1,3,3,0,3,0,0,0,0,0,1,181921290229,1
w10_shm_independent_9801_68,1,3,3,0,3,0,0,0,0,0,1,181921290230,1
w10_shm_independent_9801_69,1,3,3,0,3,0,0,0,0,0,1,181921290231,1
w10_shm_independent_9801_70,1,3,3,0,3,0,0,0,0,0,1,181921290233,1
w10_shm_independent_9801_71,1,3,3,0,3,0,0,0,0,0,1,181921290234,1
w10_shm_independent_9801_72,1,3,3,0,3,0,0,0,0,0,1,181921290235,1
w10_shm_independent_9801_73,1,3,3,0,3,0,0,0,0,0,1,181921290235,1
w10_shm_independent_9801_74,1,3,3,0,3,0,0,0,0,0,1,181921290236,1
w10_shm_independent_9801_75,1,3,3,0,3,0,0,0,0,0,1,181921290237,1
w10_shm_independent_9801_76,1,3,3,0,3,0,0,0,0,0,1,181921290238,1
w10_shm_independent_9801_77,1,3,3,0,3,0,0,0,0,0,1,181921290239,1
w10_shm_independent_9801_78,1,3,3,0,3,0,0,0,0,0,1,181921290241,1
w10_shm_independent_9801_79,1,3,3,0,3,0,0,0,0,0,1,181921290242,1
w10_shm_independent_9801_80,1,3,3,0,3,0,0,0,0,0,1,181921290243,1
w10_shm_independent_9801_81,1,3,3,0,3,0,0,0,0,0,1,181921290244,1
w10_shm_independent_9801_82,1,3,3,0,3,0,0,0,0,0,1,181921290244,1
w10_shm_independent_9801_83,1,3,3,0,3,0,0,0,0,0,1,181921290245,1
w10_shm_independent_9801_84,1,3,3,0,3,0,0,0,0,0,1,181921290246,1
w10_shm_independent_9801_85,1,3,3,0,3,0,0,0,0,0,1,181921290249,1
w10_shm_independent_9801_86,1,3,3,0,3,0,0,0,0,0,1,181921290250,1
w10_shm_independent_9801_87,1,3,3,0,3,0,0,0,0,0,1,181921290251,1
w10_shm_independent_9801_88,1,3,3,0,3,0,0,0,0,0,1,181921290252,1
w10_shm_independent_9801_89,1,3,3,0,3,0,0,0,0,0,1,181921290253,1
w10_shm_independent_9801_90,1,3,3,0,3,0,0,0,0,0,1,181921290254,1
w10_shm_independent_9801_91,1,3,3,0,3,0,0,0,0,0,1,181921290254,1
w10_shm_independent_9801_92,1,3,3,0,3,0,0,0,0,0,1,181921290255,1
w10_shm_independent_9801_93,1,3,3,0,3,0,0,0,0,0,1,181921290257,1
w10_shm_independent_9801_94,1,3,3,0,3,0,0,0,0,0,1,181921290258,1
w10_shm_independent_9801_95,1,3,3,0,3,0,0,0,0,0,1,181921290259,1
w10_shm_independent_9801_96,1,3,3,0,3,0,0,0,0,0,1,181921290260,1
w10_shm_independent_9801_97,1,3,3,0,3,0,0,0,0,0,1,181921290261,1
w10_shm_independent_9801_98,1,3,3,0,3,0,0,0,0,0,1,181921290262,1
w10_shm_independent_9801_99,1,3,3,0,3,0,0,0,0,0,1,181921290263,1
