BASELINE	1	0	4fc0e95dc316ac01	0	0	0	0	0	BASELINE-1
BASELINE	2	0	4fc0e95dc316ac01	0	0	0	0	0	BASELINE-2
BASELINE	3	0	4fc0e95dc316ac01	0	0	0	0	0	BASELINE-3
ABLATE	1	0	52ccbe9e7e054aad	0	0	0	0	0	ABLATE-1
ABLATE	2	0	52ccbe9e7e054aad	0	0	0	0	0	ABLATE-2
ABLATE	3	0	52ccbe9e7e054aad	0	0	0	0	0	ABLATE-3
V2NEG	1	1	3380016ba38084d8	1	0	3	3	65	V2NEG-1
V2NEG	2	1	3380016ba38084d8	1	0	1	1	9	V2NEG-2
V2NEG	3	1	3380016ba38084d8	1	0	1	1	166	V2NEG-3
FIXNEG	1	1	1e7d5d7f12c20919	1	0	1	1	1	FIXNEG-1
FIXNEG	2	1	1e7d5d7f12c20919	1	0	2	2	1	FIXNEG-2
FIXNEG	3	1	1e7d5d7f12c20919	1	0	2	2	1	FIXNEG-3
FIX	1	0	813fab5be886ef6e	0	0	0	0	148	FIX-1
FIX	2	0	813fab5be886ef6e	0	0	0	0	232	FIX-2
FIX	3	0	813fab5be886ef6e	0	0	0	0	164	FIX-3
FIX_RB	1	0	c928deaa4f480ee3	0	0	0	0	240	FIX_RB-1
FIX_RB	2	0	c928deaa4f480ee3	0	0	0	0	138	FIX_RB-2
FIX_RB	3	0	c928deaa4f480ee3	0	0	0	0	164	FIX_RB-3
