case_id,path,experiment_group,workload,wait_mode,payload_target,payload_bytes,header_bytes,wire_bytes_per_msg,wire_bytes_source,rate_target,duration_plan,duration_actual,rate_actual_attempt,rate_actual_ok,queue_size,publish_mode,plan,attempts,sent_ok,send_failed,send_blocked,late,late_threshold_ns,backlog_max_ns,backlog_sum_ns,recv_measure,recv_probe,recv_warmup,missing,duplicate,out_of_order,checksum_bad,abnormal,samples_merged,rows_truncated,elements_checked,via_view,via_object,via_dds,pub_dzflat,pub_fallback,sub_flat_accepted,sub_tlv_accepted,sub_rx_defects,loan_fail,transport_min_ns,transport_p50_ns,transport_p99_ns,transport_p999_ns,transport_max_ns,transport_mean_ns,delivery_min_ns,delivery_p50_ns,delivery_p99_ns,delivery_p999_ns,delivery_max_ns,delivery_mean_ns,app_read_min_ns,app_read_p50_ns,app_read_p99_ns,app_read_p999_ns,app_read_max_ns,app_read_mean_ns,e2e_min_ns,e2e_p50_ns,e2e_p99_ns,e2e_p999_ns,e2e_max_ns,e2e_mean_ns,pub_cpu_s,sub_cpu_s,roudi_cpu_s,pub_cpu_cores,sub_cpu_cores,total_cpu_cores,pub_ctx_voluntary,pub_ctx_nonvoluntary,sub_ctx_voluntary,sub_ctx_nonvoluntary,pub_maxrss_kb,sub_maxrss_kb,load_ok,timing_ok,case_ok,child_killed,failure_reasons
r0_tlv_timestamp_blocking_64B_1000Hz,tlv,transport,timestamp,blocking,64,63,32,163,对象 serialize() 长度,1000.0,1.000,0.999,1001.0,1001.0,256,publish_blocking,1000,1000,1000,0,0,0,100000,4560,72342,1000,8,0,0,0,0,0,0,1000,0,8000,0,1000,0,0,2212,0,2210,0,0,1653,2566,13541,34210,34210,4709,1899,6747,29664,49865,49865,10283,9,17,171,277,277,33,5796,13655,40326,59983,59983,15143,0.0444,0.0442,0.0000,0.0445,0.0442,0.0887,2252,1,4665,59,5632,6400,1,1,1,0,
r1_tlv_crc_blocking_64B_1000Hz,tlv,full-read,crc,blocking,64,63,32,163,对象 serialize() 长度,1000.0,1.000,0.999,1001.0,1001.0,256,publish_blocking,1000,1000,1000,0,0,0,100000,5385,86654,1000,8,0,0,0,0,0,0,1000,0,8000,0,1000,0,0,2213,0,2211,0,0,1728,2374,16060,19756,19756,4365,2331,6280,26768,51294,51294,10550,9,19,183,748,748,36,5870,10502,37044,64831,64831,15109,0.0438,0.0472,0.0000,0.0438,0.0472,0.0911,2254,2,4664,3,5632,6144,1,1,1,0,
r2_tlv_full_blocking_64B_1000Hz,tlv,full-read,full,blocking,64,63,32,163,对象 serialize() 长度,1000.0,1.000,0.999,1001.0,1001.0,256,publish_blocking,1000,1000,1000,0,0,0,100000,5809,58325,1000,7,0,0,0,0,0,0,1000,0,19000,0,1000,0,0,2212,0,2209,0,0,2842,3795,22088,38484,38484,5424,5612,8193,31208,51948,51948,10193,9,19,139,235,235,29,9349,12180,53068,74615,74615,15816,0.0468,0.0456,0.0000,0.0469,0.0456,0.0925,2255,1,4661,1,5632,6144,1,1,1,0,
r3_tlv_timestamp_blocking_1024B_1000Hz,tlv,transport,timestamp,blocking,1024,1021,32,1121,对象 serialize() 长度,1000.0,1.000,0.999,1001.0,1001.0,256,publish_blocking,1000,1000,1000,0,0,0,100000,54711,604624,1000,8,0,0,0,0,0,0,1000,0,8000,0,1000,0,0,2213,0,2211,0,0,1839,4100,23466,41794,41794,7091,6244,8649,50257,68793,68793,12213,13,32,184,291,291,39,9582,13233,59386,82072,82072,19987,0.0491,0.0481,0.0000,0.0492,0.0482,0.0974,2259,2,4676,4,5632,6144,1,1,1,0,
r4_tlv_timestamp_busy_1024B_1000Hz,tlv,transport,timestamp,busy,1024,1021,32,1121,对象 serialize() 长度,1000.0,1.000,0.999,1001.0,1001.0,256,publish_blocking,1000,1000,1000,0,0,0,100000,3822,78705,1000,8,0,0,0,0,0,0,1000,0,8000,0,1000,0,0,2212,0,2210,0,0,1800,3954,22091,39422,39422,5599,1931,5684,29316,90656,90656,7594,9,11,75,178,178,12,5103,10236,48892,117924,117924,13756,0.0485,1.8502,0.0000,0.0485,1.8520,1.9005,2255,5,2422,27,5376,6144,1,1,1,0,
r5_tlv_crc_blocking_1024B_1000Hz,tlv,full-read,crc,blocking,1024,1021,32,1121,对象 serialize() 长度,1000.0,1.000,0.999,1001.0,1001.0,256,publish_blocking,1000,1000,1000,0,0,1,100000,351988,493468,1000,8,0,0,0,0,0,0,1000,0,8000,0,1000,0,0,2213,0,2211,0,0,1779,10224,35203,44482,44482,8270,1879,10968,41636,210892,210892,14999,10,20,151,489,489,40,6364,22016,57836,224088,224088,24701,0.0728,0.0535,0.0000,0.0729,0.0535,0.1264,2254,11,4675,2,5632,6144,1,1,1,0,
r6_tlv_crc_busy_1024B_1000Hz,tlv,full-read,crc,busy,1024,1021,32,1121,对象 serialize() 长度,1000.0,1.000,0.999,1001.0,1001.0,256,publish_blocking,1000,1000,1000,0,0,0,100000,44538,146489,1000,8,0,0,0,0,0,0,1000,0,8000,0,1000,0,0,2212,0,2210,0,0,1935,4346,21437,38522,38522,5961,30,3624,36452,113029,113029,7209,9,11,27,105,105,11,5661,9384,48750,118722,118722,13863,0.0468,1.8468,0.0000,0.0468,1.8487,1.8955,2256,3,2617,15,5632,6144,1,1,1,0,
r7_tlv_full_blocking_1024B_1000Hz,tlv,full-read,full,blocking,1024,1021,32,1121,对象 serialize() 长度,1000.0,1.000,0.999,1001.0,1001.0,256,publish_blocking,1000,1000,1000,0,0,0,100000,55379,245856,1000,8,0,0,0,0,0,0,1000,0,172000,0,1000,0,0,2212,0,2210,0,0,1740,2401,12317,31586,31586,5434,4429,9299,81418,118920,118920,17609,17,31,195,289,289,56,7317,18958,89276,131170,131170,23817,0.0462,0.0557,0.0000,0.0462,0.0558,0.1020,2252,2,4621,14,5632,6144,1,1,1,0,
r8_tlv_full_busy_1024B_1000Hz,tlv,full-read,full,busy,1024,1021,32,1121,对象 serialize() 长度,1000.0,1.000,0.999,1001.0,1001.0,256,publish_blocking,1000,1000,1000,0,0,0,100000,36638,121478,1000,8,0,0,0,0,0,0,1000,0,172000,0,1000,0,0,2213,0,2211,0,0,1710,2454,19629,30022,30022,4631,1830,5439,59280,109839,109839,9300,9,11,22,98,98,11,4568,10200,66918,114156,114156,14491,0.0450,1.8512,0.0000,0.0450,1.8531,1.8981,2254,2,2455,11,5632,6144,1,1,1,0,
r9_tlv_timestamp_blocking_65536B_1000Hz,tlv,transport,timestamp,blocking,65536,65533,32,66577,对象 serialize() 长度,1000.0,1.000,0.999,1001.0,1001.0,256,publish_blocking,1000,1000,1000,0,0,0,100000,54157,214294,1000,8,0,0,0,0,0,0,1000,0,8000,0,1000,0,0,2108,0,2106,0,0,8407,16947,24174,49644,49644,17670,11829,16296,123519,142354,142354,32405,9,11,92,172,172,24,32481,62046,161933,195871,195871,72647,0.1024,0.0715,0.0000,0.1025,0.0716,0.1741,2150,3,4455,2,6144,6912,1,1,1,0,
r10_tlv_crc_blocking_65536B_1000Hz,tlv,full-read,crc,blocking,65536,65533,32,66577,对象 serialize() 长度,1000.0,1.000,0.999,1001.0,1001.0,256,publish_blocking,1000,1000,1000,0,0,0,100000,7258,112819,1000,8,0,0,0,0,0,0,1000,0,8000,0,1000,0,0,2126,0,2124,0,0,7699,9443,20829,33556,33556,10544,13073,16892,115267,184542,184542,35091,10,14,142,353,353,31,36615,60361,148910,214556,214556,69232,0.0923,0.0903,0.0000,0.0924,0.0904,0.1828,2170,4,4490,3,6144,6656,1,1,1,0,
r11_tlv_full_blocking_65536B_1000Hz,tlv,full-read,full,blocking,65536,65533,32,66577,对象 serialize() 长度,1000.0,1.000,0.999,1001.0,1001.0,256,publish_blocking,1000,1000,1000,0,0,0,100000,6871,137942,1000,8,0,0,0,0,0,0,1000,0,9946000,0,1000,0,0,2136,0,2134,0,0,7882,9062,19692,30448,30448,9908,12962,23797,97276,135335,135335,33793,9,16,196,329,329,32,30985,52926,132518,165320,165320,61486,0.0841,0.1170,0.0000,0.0842,0.1171,0.2013,2176,3,4518,12,6144,6656,1,1,1,0,
r12_tlv_timestamp_blocking_1048576B_500Hz,tlv,transport,timestamp,blocking,1048576,1048573,32,1063885,对象 serialize() 长度,500.0,1.000,0.998,500.9,500.9,256,publish_blocking,500,500,500,0,0,0,200000,116074,311419,500,7,0,0,0,0,0,0,500,0,4000,0,500,0,0,1112,0,1110,0,0,110372,121707,175637,266136,266136,131372,109368,164474,286047,310081,310081,165579,11,14,166,272,272,25,375363,479856,658640,730466,730466,489473,0.3389,0.1711,0.0000,0.3395,0.1714,0.5109,1154,10,2471,3,14804,16880,1,1,1,0,
r13_tlv_crc_blocking_1048576B_500Hz,tlv,full-read,crc,blocking,1048576,1048573,32,1063885,对象 serialize() 长度,500.0,1.000,0.999,500.7,500.7,256,publish_blocking,500,500,500,0,0,0,200000,4960,35839,500,7,0,0,0,0,0,0,500,0,4000,0,500,0,0,1074,0,1072,0,0,114330,120197,200347,252327,252327,127783,115557,170867,234926,268768,268768,167374,12,24,93,3099,3099,34,494264,548777,794037,845214,845214,570040,0.3920,0.3017,0.0000,0.3926,0.3021,0.6947,1116,6,2396,36,14800,16884,1,1,1,0,
r14_tlv_full_blocking_1048576B_500Hz,tlv,full-read,full,blocking,1048576,1048573,32,1063885,对象 serialize() 长度,500.0,1.000,0.998,500.9,500.9,256,publish_blocking,500,500,500,0,0,0,200000,4631,28533,500,8,0,0,0,0,0,0,500,0,79469000,0,500,0,0,1087,0,1085,0,0,114986,122258,226300,276865,276865,135476,112537,118850,216046,224814,224814,130802,12,13,97,120,120,17,385520,415606,691835,755759,755759,447920,0.3456,0.3745,0.0000,0.3462,0.3752,0.7214,1133,17,2420,6,15480,17904,1,1,1,0,
r15_dzflat-a_timestamp_blocking_64B_1000Hz,dzflat-a,transport,timestamp,blocking,64,63,32,168,对象 dzflat_size(),1000.0,1.000,0.999,1001.0,1001.0,256,publish_blocking,1000,1000,1000,0,0,0,100000,20930,86153,1000,8,0,0,0,0,0,0,1000,0,8000,1000,0,0,2222,2,2222,0,0,0,1409,3394,12888,26662,26662,3520,3009,4195,21569,23566,23566,5588,46,56,336,765,765,86,5438,7834,27521,35164,35164,9328,0.0484,0.0315,0.0000,0.0484,0.0315,0.0799,2272,2,4698,0,5376,6144,1,1,1,0,
r16_dzflat-a_crc_blocking_64B_1000Hz,dzflat-a,full-read,crc,blocking,64,63,32,168,对象 dzflat_size(),1000.0,1.000,0.999,1001.0,1001.0,256,publish_blocking,1000,1000,1000,0,0,0,100000,4483,45833,1000,8,0,0,0,0,0,0,1000,0,8000,1000,0,0,2214,2,2214,0,0,0,1445,3124,9268,25805,25805,3404,3734,7701,18386,28262,28262,7949,54,192,612,1132,1132,205,5618,11505,26275,39602,39602,11762,0.0521,0.0464,0.0000,0.0522,0.0464,0.0986,2263,2,4678,34,5632,6144,1,1,1,0,
r17_dzflat-a_full_blocking_64B_1000Hz,dzflat-a,full-read,full,blocking,64,63,32,168,对象 dzflat_size(),1000.0,1.000,0.999,1001.0,1001.0,256,publish_blocking,1000,1000,1000,0,0,0,100000,5681,61333,1000,8,0,0,0,0,0,0,1000,0,19000,1000,0,0,2214,2,2214,0,0,0,1323,3259,13809,78332,78332,4056,2526,4506,22966,30489,30489,6117,72,106,633,1115,1115,152,5745,8203,30921,83184,83184,10458,0.0508,0.0327,0.0000,0.0508,0.0327,0.0835,2260,3,4680,2,5632,6144,1,1,1,0,
r18_dzflat-a_timestamp_blocking_1024B_1000Hz,dzflat-a,transport,timestamp,blocking,1024,1021,32,1128,对象 dzflat_size(),1000.0,1.000,0.999,1001.0,1001.0,256,publish_blocking,1000,1000,1000,0,0,0,100000,6618,55660,1000,7,0,0,0,0,0,0,1000,0,8000,1000,0,0,2216,3,2216,0,0,0,1399,3115,12670,28083,28083,3602,3620,7243,20342,49672,49672,8033,50,104,390,760,760,126,5792,10272,27935,52763,52763,12186,0.0515,0.0407,0.0000,0.0516,0.0408,0.0923,2266,4,4684,44,5120,5632,1,1,1,0,
r19_dzflat-a_timestamp_busy_1024B_1000Hz,dzflat-a,transport,timestamp,busy,1024,1021,32,1128,对象 dzflat_size(),1000.0,1.000,0.999,1001.0,1001.0,256,publish_blocking,1000,1000,1000,0,0,0,100000,6351,51127,1000,8,0,0,0,0,0,0,1000,0,8000,1000,0,0,2214,2,2214,0,0,0,1556,2971,11234,20955,20955,3220,1653,5001,13905,15339,15339,5058,52,85,161,273,273,94,4309,8426,20650,32131,32131,8732,0.0504,1.8420,0.0000,0.0504,1.8438,1.8943,2256,8,2420,52,5632,6144,1,1,1,0,
r20_dzflat-a_crc_blocking_1024B_1000Hz,dzflat-a,full-read,crc,blocking,1024,1021,32,1128,对象 dzflat_size(),1000.0,1.000,0.999,1001.0,1001.0,256,publish_blocking,1000,1000,1000,0,0,0,100000,39939,213336,1000,7,0,0,0,0,0,0,1000,0,8000,1000,0,0,2211,3,2211,0,0,0,1283,3583,8826,25925,25925,3776,2960,5301,23380,33463,33463,7054,121,239,922,2095,2095,300,5923,9716,29844,38122,38122,11676,0.0496,0.0348,0.0000,0.0496,0.0348,0.0844,2258,5,4672,1,6656,5120,1,1,1,0,
r21_dzflat-a_crc_busy_1024B_1000Hz,dzflat-a,full-read,crc,busy,1024,1021,32,1128,对象 dzflat_size(),1000.0,1.000,0.999,1001.0,1001.0,256,publish_blocking,1000,1000,1000,0,0,0,100000,3908,40278,1000,7,0,0,0,0,0,0,1000,0,8000,1000,0,0,2215,3,2215,0,0,0,1503,3411,9394,21245,21245,3609,2138,5195,15105,26957,26957,5502,127,183,607,858,858,202,4464,9468,19735,30367,30367,9875,0.0501,1.8431,0.0000,0.0501,1.8449,1.8950,2258,3,2423,6,6400,5120,1,1,1,0,
r22_dzflat-a_full_blocking_1024B_1000Hz,dzflat-a,full-read,full,blocking,1024,1021,32,1128,对象 dzflat_size(),1000.0,1.000,0.999,1001.0,1001.0,256,publish_blocking,1000,1000,1000,0,0,0,100000,4730,90973,1000,7,0,0,0,0,0,0,1000,0,172000,1000,0,0,2213,3,2213,0,0,0,1517,3406,12760,26992,26992,4182,4084,8649,21048,37899,37899,9291,268,526,1755,1927,1927,577,6553,13421,33747,50437,50437,14576,0.0693,0.0468,0.0000,0.0694,0.0469,0.1163,2260,13,4679,132,6400,5632,1,1,1,0,
r23_dzflat-a_full_busy_1024B_1000Hz,dzflat-a,full-read,full,busy,1024,1021,32,1128,对象 dzflat_size(),1000.0,1.000,0.999,1001.0,1001.0,256,publish_blocking,1000,1000,1000,0,0,0,100000,66265,120594,1000,8,0,0,0,0,0,0,1000,0,172000,1000,0,0,2217,2,2217,0,0,0,1534,3151,13476,31570,31570,3772,1778,5148,14733,37277,37277,5817,266,313,773,3167,3167,357,4585,9182,26401,41866,41866,10379,0.0512,1.8471,0.0000,0.0512,1.8490,1.9002,2261,5,2425,84,5632,6400,1,1,1,0,
r24_dzflat-a_timestamp_blocking_65536B_1000Hz,dzflat-a,transport,timestamp,blocking,65536,65533,32,66448,对象 dzflat_size(),1000.0,1.000,0.999,1001.0,1001.0,256,publish_blocking,1000,1000,1000,0,0,0,100000,4941,56193,1000,8,0,0,0,0,0,0,1000,0,8000,1000,0,0,2155,2,2155,0,0,0,2819,3326,13132,22794,22794,4173,2064,4468,20404,28395,28395,6669,40,80,292,459,459,100,16710,19984,81653,104093,104093,27635,0.0762,0.0311,0.0000,0.0763,0.0311,0.1074,2201,10,4562,9,5632,6912,1,1,1,0,
r25_dzflat-a_crc_blocking_65536B_1000Hz,dzflat-a,full-read,crc,blocking,65536,65533,32,66448,对象 dzflat_size(),1000.0,1.000,0.999,1001.0,1001.0,256,publish_blocking,1000,1000,1000,0,0,0,100000,4509,50218,1000,8,0,0,0,0,0,0,1000,0,8000,1000,0,0,2159,2,2159,0,0,0,2853,4083,12264,18599,18599,5063,3802,5486,24194,36422,36422,8013,5540,5853,42862,44605,44605,9608,27654,41380,100773,115640,115640,45058,0.0892,0.0557,0.0000,0.0893,0.0557,0.1450,2208,8,4570,7,6144,6656,1,1,1,0,
r26_dzflat-a_full_blocking_65536B_1000Hz,dzflat-a,full-read,full,blocking,65536,65533,32,66448,对象 dzflat_size(),1000.0,1.000,0.999,1001.0,1001.0,256,publish_blocking,1000,1000,1000,0,0,0,100000,6119,55970,1000,8,0,0,0,0,0,0,1000,0,9946000,1000,0,0,2137,2,2137,0,0,0,2864,4581,12199,19853,19853,5635,3069,6921,22731,28463,28463,7988,10591,11860,83492,87691,87691,19943,27715,42499,134955,155857,155857,52126,0.0900,0.0753,0.0000,0.0901,0.0754,0.1655,2185,9,4524,38,5888,6400,1,1,1,0,
r27_dzflat-a_timestamp_blocking_1048576B_500Hz,dzflat-a,transport,timestamp,blocking,1048576,1048573,32,1061776,对象 dzflat_size(),500.0,1.000,0.998,500.9,500.9,256,publish_blocking,500,500,500,0,0,0,200000,4350,36798,500,7,0,0,0,0,0,0,500,0,4000,500,0,0,1178,2,1178,0,0,0,25652,27585,61632,109680,109680,31376,2212,5403,22185,37505,37505,6415,48,96,401,769,769,129,185747,205826,359177,369326,369326,230714,0.2743,0.0224,0.0000,0.2748,0.0225,0.2973,1228,9,2607,4,14168,6656,1,1,1,0,
r28_dzflat-a_crc_blocking_1048576B_500Hz,dzflat-a,full-read,crc,blocking,1048576,1048573,32,1061776,对象 dzflat_size(),500.0,1.000,0.998,500.9,500.9,256,publish_blocking,500,500,500,0,0,0,200000,16682,317507,500,7,0,0,0,0,0,0,500,0,4000,500,0,0,1182,3,1182,0,0,0,24403,31174,93449,100225,100225,33833,3520,4255,22453,34330,34330,5970,88105,89891,167693,203392,203392,95348,360211,382165,566049,752831,752831,394451,0.3068,0.1293,0.0000,0.3073,0.1295,0.4369,1229,10,2616,6,16040,12544,1,1,1,0,
r29_dzflat-a_full_blocking_1048576B_500Hz,dzflat-a,full-read,full,blocking,1048576,1048573,32,1061776,对象 dzflat_size(),500.0,1.000,0.998,500.9,500.9,256,publish_blocking,500,500,500,0,0,0,200000,4884,47361,500,8,0,0,0,0,0,0,500,0,79469000,500,0,0,1169,2,1169,0,0,0,26062,31395,92645,136497,136497,36400,3047,4388,23621,37709,37709,5913,167461,185865,267709,283201,283201,185767,351667,390878,574502,682487,682487,412022,0.2847,0.2367,0.0000,0.2852,0.2372,0.5223,1217,18,2591,4,15616,14336,1,1,1,0,
r30_dzflat-b_timestamp_blocking_64B_1000Hz,dzflat-b,transport,timestamp,blocking,64,63,32,166,B 借样 chunk 容量,1000.0,1.000,0.999,1001.0,1001.0,256,loan+publish_loaned,1000,1000,1000,0,0,0,100000,6337,58997,1000,8,0,0,0,0,0,0,1000,0,8000,1000,0,0,2216,2,2216,0,0,0,1253,2602,8203,19062,19062,3064,3368,7074,22420,35991,35991,8065,42,64,399,773,773,93,5728,11048,30130,42476,42476,12355,0.0521,0.0395,0.0000,0.0522,0.0396,0.0917,2264,4,4687,3,5632,6144,1,1,1,0,
r31_dzflat-b_crc_blocking_64B_1000Hz,dzflat-b,full-read,crc,blocking,64,63,32,166,B 借样 chunk 容量,1000.0,1.000,0.999,1001.0,1001.0,256,loan+publish_loaned,1000,1000,1000,0,0,0,100000,4905,45380,1000,8,0,0,0,0,0,0,1000,0,8000,1000,0,0,2217,2,2217,0,0,0,1011,2543,8005,12773,12773,2652,3210,4046,20248,27628,27628,5504,57,63,393,987,987,95,5272,7605,25293,36038,36038,9232,0.0509,0.0375,0.0000,0.0510,0.0375,0.0885,2264,1,4687,3,5376,6144,1,1,1,0,
r32_dzflat-b_full_blocking_64B_1000Hz,dzflat-b,full-read,full,blocking,64,63,32,166,B 借样 chunk 容量,1000.0,1.000,0.999,1001.0,1001.0,256,loan+publish_loaned,1000,1000,1000,0,0,0,100000,4859,74019,1000,8,0,0,0,0,0,0,1000,0,19000,1000,0,0,2215,2,2215,0,0,0,991,2252,7761,9747,9747,3035,2617,4319,21893,31994,31994,6298,63,106,606,1223,1223,150,5088,8184,28390,37455,37455,10512,0.0496,0.0381,0.0000,0.0496,0.0381,0.0878,2265,1,4682,34,5376,6144,1,1,1,0,
r33_dzflat-b_timestamp_blocking_1024B_1000Hz,dzflat-b,transport,timestamp,blocking,1024,1021,32,1128,B 借样 chunk 容量,1000.0,1.000,0.999,1001.0,1001.0,256,loan+publish_loaned,1000,1000,1000,0,0,1,100000,102661,435198,1000,7,0,0,0,0,0,0,1000,0,8000,1000,0,0,2220,3,2220,0,0,0,1350,2743,13459,17510,17510,3554,3980,8600,23831,48754,48754,9364,36,110,343,725,725,121,5905,12826,34118,54685,54685,14372,0.0751,0.0445,0.0000,0.0752,0.0446,0.1198,2268,34,4693,60,6400,5632,1,1,1,0,
r34_dzflat-b_timestamp_busy_1024B_1000Hz,dzflat-b,transport,timestamp,busy,1024,1021,32,1128,B 借样 chunk 容量,1000.0,1.000,0.999,1001.0,1001.0,256,loan+publish_loaned,1000,1000,1000,0,0,0,100000,55584,160666,1000,8,0,0,0,0,0,0,1000,0,8000,1000,0,0,2215,2,2215,0,0,0,1428,1839,12211,18719,18719,3303,2044,3072,18021,39044,39044,4871,52,104,239,366,366,106,4352,7300,27400,49939,49939,9146,0.0721,1.8447,0.0000,0.0722,1.8465,1.9187,2260,6,2423,75,5632,6144,1,1,1,0,
r35_dzflat-b_crc_blocking_1024B_1000Hz,dzflat-b,full-read,crc,blocking,1024,1021,32,1128,B 借样 chunk 容量,1000.0,1.000,0.999,1001.0,1001.0,256,loan+publish_loaned,1000,1000,1000,0,0,0,100000,7321,64446,1000,8,0,0,0,0,0,0,1000,0,8000,1000,0,0,2213,2,2213,0,0,0,1402,2594,10539,19193,19193,3009,3833,8113,16760,22557,22557,8377,113,277,783,1591,1591,294,7406,11550,27459,46320,46320,12619,0.0521,0.0386,0.0000,0.0522,0.0387,0.0908,2262,2,4677,9,5632,6144,1,1,1,0,
r36_dzflat-b_crc_busy_1024B_1000Hz,dzflat-b,full-read,crc,busy,1024,1021,32,1128,B 借样 chunk 容量,1000.0,1.000,0.999,1001.0,1001.0,256,loan+publish_loaned,1000,1000,1000,0,0,0,100000,5934,44849,1000,8,0,0,0,0,0,0,1000,0,8000,1000,0,0,2217,2,2217,0,0,0,1611,2897,9082,20641,20641,3027,2166,4946,13678,32877,32877,4887,125,197,583,925,925,209,4648,8875,20346,59809,59809,9118,0.0516,1.8400,0.0000,0.0517,1.8418,1.8935,2259,2,2424,42,5632,6144,1,1,1,0,
r37_dzflat-b_full_blocking_1024B_1000Hz,dzflat-b,full-read,full,blocking,1024,1021,32,1128,B 借样 chunk 容量,1000.0,1.000,0.999,1001.0,1001.0,256,loan+publish_loaned,1000,1000,1000,0,0,0,100000,4217,46783,1000,7,0,0,0,0,0,0,1000,0,172000,1000,0,0,2217,3,2217,0,0,0,1326,2649,7568,15885,15885,2749,3839,8316,20578,36372,36372,8912,264,495,1645,2570,2570,509,7430,12568,26013,53867,53867,13143,0.0496,0.0446,0.0000,0.0496,0.0446,0.0943,2264,3,4686,38,6144,5376,1,1,1,0,
r38_dzflat-b_full_busy_1024B_1000Hz,dzflat-b,full-read,full,busy,1024,1021,32,1128,B 借样 chunk 容量,1000.0,1.000,0.999,1001.0,1001.0,256,loan+publish_loaned,1000,1000,1000,0,0,0,100000,6109,47277,1000,8,0,0,0,0,0,0,1000,0,172000,1000,0,0,2213,2,2213,0,0,0,1382,2551,7927,15105,15105,2771,2150,4733,15035,28468,28468,4764,256,314,688,1589,1589,337,4428,8484,21772,32905,32905,8912,0.0544,1.8434,0.0000,0.0545,1.8452,1.8997,2255,1,2420,13,5632,6144,1,1,1,0,
r39_dzflat-b_timestamp_blocking_65536B_1000Hz,dzflat-b,transport,timestamp,blocking,65536,65533,32,66448,B 借样 chunk 容量,1000.0,1.000,0.999,1001.0,1001.0,256,loan+publish_loaned,1000,1000,1000,0,0,0,100000,7237,50243,1000,7,0,0,0,0,0,0,1000,0,8000,1000,0,0,2148,3,2148,0,0,0,11739,21444,57638,84580,84580,21197,3801,6148,22656,39395,39395,7361,44,118,374,875,875,128,16295,29222,65445,94562,94562,29756,0.0824,0.0412,0.0000,0.0825,0.0413,0.1238,2195,8,4552,39,6656,5632,1,1,1,0,
r40_dzflat-b_crc_blocking_65536B_1000Hz,dzflat-b,full-read,crc,blocking,65536,65533,32,66448,B 借样 chunk 容量,1000.0,1.000,0.999,1001.0,1001.0,256,loan+publish_loaned,1000,1000,1000,0,0,0,100000,23635,677018,1000,8,0,0,0,0,0,0,1000,0,8000,1000,0,0,2131,2,2131,0,0,0,20759,22220,86847,121297,121297,31526,3753,5870,28329,70702,70702,8440,5555,7591,43567,76104,76104,10267,30785,44903,112757,133986,133986,51251,0.0991,0.0502,0.0000,0.0992,0.0503,0.1495,2182,22,4512,4,5888,6400,1,1,1,0,
r41_dzflat-b_full_blocking_65536B_1000Hz,dzflat-b,full-read,full,blocking,65536,65533,32,66448,B 借样 chunk 容量,1000.0,1.000,0.999,1001.0,1001.0,256,loan+publish_loaned,1000,1000,1000,0,0,0,100000,5265,56536,1000,8,0,0,0,0,0,0,1000,0,9946000,1000,0,0,2146,2,2146,0,0,0,11576,12888,63288,70921,70921,18915,3575,4081,26698,30285,30285,5973,10577,12776,78903,83675,83675,16466,26830,36977,120429,179632,179632,42190,0.0830,0.0514,0.0000,0.0831,0.0515,0.1346,2197,5,4526,5,5376,6656,1,1,1,0,
r42_dzflat-b_timestamp_blocking_1048576B_500Hz,dzflat-b,transport,timestamp,blocking,1048576,1048573,32,1061776,B 借样 chunk 容量,500.0,1.000,0.998,500.9,500.9,256,loan+publish_loaned,500,500,500,0,0,0,200000,20679,102069,500,8,0,0,0,0,0,0,500,0,4000,500,0,0,1217,2,1217,0,0,0,169456,204060,316517,344995,344995,239696,3793,4428,20086,31147,31147,5421,51,85,388,951,951,111,174230,211169,330069,349810,349810,246178,0.2719,0.0226,0.0000,0.2724,0.0226,0.2950,1268,3,2686,1,15344,6912,1,1,1,0,
r43_dzflat-b_crc_blocking_1048576B_500Hz,dzflat-b,full-read,crc,blocking,1048576,1048573,32,1061776,B 借样 chunk 容量,500.0,1.000,0.998,500.8,500.8,256,loan+publish_loaned,500,500,500,0,0,0,200000,4572,26158,500,8,0,0,0,0,0,0,500,0,4000,500,0,0,1232,2,1232,0,0,0,313010,322369,371794,475906,475906,325876,3905,4526,22449,39201,39201,6043,88123,89892,161530,172943,172943,92300,406294,417950,512009,588480,588480,424927,0.3109,0.0715,0.0000,0.3114,0.0716,0.3830,1280,3,2715,3,15408,14336,1,1,1,0,
r44_dzflat-b_full_blocking_1048576B_500Hz,dzflat-b,full-read,full,blocking,1048576,1048573,32,1061776,B 借样 chunk 容量,500.0,1.000,0.998,500.8,500.8,256,loan+publish_loaned,500,500,500,0,0,0,200000,4588,31438,500,8,0,0,0,0,0,0,500,0,79469000,500,0,0,1219,2,1219,0,0,0,169202,176444,314587,318539,318539,205653,2969,5750,23955,26746,26746,6553,167043,332409,349183,397461,397461,262227,343658,512338,587385,599453,599453,475370,0.2557,0.1591,0.0000,0.2562,0.1594,0.4156,1269,8,2690,3,15468,14336,1,1,1,0,
r45_cyclonedds-udp_timestamp_blocking_64B_1000Hz,cyclonedds-udp,transport,timestamp,blocking,64,63,32,0,null(DDS 侧未采集 wire 字节),1000.0,1.000,0.999,1001.0,1001.0,256,dds_write(Reliable),1000,1000,1000,0,0,0,0,5770,55193,1000,1,0,0,0,0,0,0,1000,0,8000,0,0,1000,0,0,0,0,0,0,4500,5734,38351,53450,53450,10938,216,3749,26963,67008,67008,6026,10,11,52,118,118,12,7703,10023,54767,98347,98347,16953,0.0679,2.2013,0.0000,0.0680,2.2035,2.2715,2256,2,2965,10,9216,5888,1,1,1,0,
r46_cyclonedds-udp_crc_blocking_64B_1000Hz,cyclonedds-udp,full-read,crc,blocking,64,63,32,0,null(DDS 侧未采集 wire 字节),1000.0,1.000,0.999,1001.0,1001.0,256,dds_write(Reliable),1000,1000,1000,0,0,0,0,14437,60617,1000,1,0,0,0,0,0,0,1000,0,8000,0,0,1000,0,0,0,0,0,0,4514,5560,35757,41843,41843,9739,111,3866,27800,36178,36178,6933,10,11,55,151,151,13,7794,9724,53684,62270,62270,16648,0.0647,2.2022,0.0000,0.0647,2.2044,2.2691,2282,2,2768,5,9216,5888,1,1,1,0,
r47_cyclonedds-udp_full_blocking_64B_1000Hz,cyclonedds-udp,full-read,full,blocking,64,63,32,0,null(DDS 侧未采集 wire 字节),1000.0,1.000,0.999,1001.0,1001.0,256,dds_write(Reliable),1000,1000,1000,0,0,0,0,14328,60810,1000,1,0,0,0,0,0,0,1000,0,19000,0,0,1000,0,0,0,0,0,0,4636,11603,42064,70827,70827,13440,14,7382,24091,36603,36603,8189,34,37,110,250,250,42,7993,20332,54872,87174,87174,21684,0.0629,2.2002,0.0000,0.0630,2.2024,2.2653,2299,1,2834,10,9728,5888,1,1,1,0,
r48_cyclonedds-udp_timestamp_blocking_1024B_1000Hz,cyclonedds-udp,transport,timestamp,blocking,1024,1021,32,0,null(DDS 侧未采集 wire 字节),1000.0,1.000,0.999,1001.0,1001.0,256,dds_write(Reliable),1000,1000,1000,0,0,0,0,6032,44023,1000,1,0,0,0,0,0,0,1000,0,8000,0,0,1000,0,0,0,0,0,0,10401,12248,49959,72823,72823,13958,5086,7616,16487,27691,27691,8191,9,11,45,234,234,12,16472,20642,60515,88200,88200,22178,0.0725,2.2033,0.0100,0.0725,2.2055,2.2881,2273,0,3014,19,9216,5632,1,1,1,0,
r49_cyclonedds-udp_timestamp_busy_1024B_1000Hz,cyclonedds-udp,transport,timestamp,busy,1024,1021,32,0,null(DDS 侧未采集 wire 字节),1000.0,1.000,0.999,1001.0,1001.0,256,dds_write(Reliable),1000,1000,1000,0,0,3,0,197500,792140,1000,1,0,0,0,0,0,0,1000,0,8000,0,0,1000,0,0,0,0,0,0,4419,9338,53565,95716,95716,16200,98,4187,28621,75368,75368,8124,9,11,118,221,221,15,8035,24249,69640,109453,109453,24361,0.0935,2.2036,0.0000,0.0936,2.2058,2.2994,2273,12,3269,10,9216,6144,1,1,1,0,
r50_cyclonedds-udp_crc_blocking_1024B_1000Hz,cyclonedds-udp,full-read,crc,blocking,1024,1021,32,0,null(DDS 侧未采集 wire 字节),1000.0,1.000,0.999,1001.0,1001.0,256,dds_write(Reliable),1000,1000,1000,0,0,0,0,25241,120542,1000,1,0,0,0,0,0,0,1000,0,8000,0,0,1000,0,0,0,0,0,0,4810,7529,42474,93823,93823,15855,153,4017,29551,61855,61855,8125,10,11,53,140,140,13,8256,23090,63972,94108,94108,23973,0.0661,2.2010,0.0000,0.0662,2.2031,2.2693,2291,4,2783,14,9216,6144,1,1,1,0,
r51_cyclonedds-udp_crc_busy_1024B_1000Hz,cyclonedds-udp,full-read,crc,busy,1024,1021,32,0,null(DDS 侧未采集 wire 字节),1000.0,1.000,0.999,1001.0,1001.0,256,dds_write(Reliable),1000,1000,1000,0,0,0,0,3996,86820,1000,1,0,0,0,0,0,0,1000,0,8000,0,0,1000,0,0,0,0,0,0,4443,11361,40811,82530,82530,13714,592,8879,37369,51212,51212,10243,9,11,58,124,124,12,7955,20872,68375,96230,96230,23984,0.0692,2.2063,0.0000,0.0693,2.2085,2.2778,2267,3,3893,6,9216,5888,1,1,1,0,
r52_cyclonedds-udp_full_blocking_1024B_1000Hz,cyclonedds-udp,full-read,full,blocking,1024,1021,32,0,null(DDS 侧未采集 wire 字节),1000.0,1.000,0.999,1001.0,1001.0,256,dds_write(Reliable),1000,1000,1000,0,0,0,0,5712,44448,1000,1,0,0,0,0,0,0,1000,0,172000,0,0,1000,0,0,0,0,0,0,9817,11904,51324,65812,65812,13760,4735,7897,17874,36446,36446,8567,264,293,886,1420,1420,322,16356,20818,61964,93320,93320,22666,0.0688,2.2029,0.0000,0.0688,2.2051,2.2739,2309,5,3165,16,9216,6144,1,1,1,0,
r53_cyclonedds-udp_full_busy_1024B_1000Hz,cyclonedds-udp,full-read,full,busy,1024,1021,32,0,null(DDS 侧未采集 wire 字节),1000.0,1.000,0.999,1001.0,1001.0,256,dds_write(Reliable),1000,1000,1000,0,0,0,0,94762,358941,1000,1,0,0,0,0,0,0,1000,0,172000,0,0,1000,0,0,0,0,0,0,9817,11521,59529,107939,107939,16418,4599,8007,29981,144910,144910,9286,266,296,936,1260,1260,318,15959,20614,87179,166248,166248,26044,0.0739,2.2055,0.0000,0.0739,2.2077,2.2816,2255,0,3610,19,9984,6144,1,1,1,0,
r54_cyclonedds-udp_timestamp_blocking_65536B_1000Hz,cyclonedds-udp,transport,timestamp,blocking,65536,65533,32,0,null(DDS 侧未采集 wire 字节),1000.0,1.000,0.999,1000.9,1000.9,256,dds_write(Reliable),1000,1000,1000,0,0,1,0,313667,409057,1000,1,0,0,0,0,0,0,1000,0,8000,0,0,1000,0,0,0,0,0,0,35541,46297,117721,168285,168285,56173,7459,9248,78212,305953,305953,22037,10,12,52,232,232,14,44508,61947,176627,353744,353744,78232,0.1519,2.2445,0.0000,0.1521,2.2466,2.3987,2333,2,5709,14,74060,7292,1,1,1,0,
r55_cyclonedds-udp_crc_blocking_65536B_1000Hz,cyclonedds-udp,full-read,crc,blocking,65536,65533,32,0,null(DDS 侧未采集 wire 字节),1000.0,1.000,0.999,1000.9,1000.9,256,dds_write(Reliable),1000,1000,1000,0,0,0,0,89506,764673,1000,1,0,0,0,0,0,0,1000,0,8000,0,0,1000,0,0,0,0,0,0,35494,65939,131991,230394,230394,65300,7225,26184,138420,335346,335346,36034,10,14,92,183,183,16,45212,92736,213355,386841,386841,101414,0.1609,2.2653,0.0000,0.1610,2.2674,2.4284,2093,4,4677,40,73104,7696,1,1,1,0,
r56_cyclonedds-udp_full_blocking_65536B_1000Hz,cyclonedds-udp,full-read,full,blocking,65536,65533,32,0,null(DDS 侧未采集 wire 字节),1000.0,1.000,0.999,1000.9,1000.9,256,dds_write(Reliable),1000,1000,1000,0,0,0,0,26820,157469,1000,1,0,0,0,0,0,0,1000,0,9946000,0,0,1000,0,0,0,0,0,0,36169,44885,115780,162412,162412,53706,7399,8942,81244,481767,481767,20119,17503,17533,18316,21771,21771,17623,62146,73261,194548,567931,567931,91485,0.1572,2.2467,0.0000,0.1574,2.2488,2.4062,2064,3,5940,12,73472,7664,1,1,1,0,
r57_cyclonedds-udp_timestamp_blocking_1048576B_500Hz,cyclonedds-udp,transport,timestamp,blocking,1048576,1048573,32,0,null(DDS 侧未采集 wire 字节),500.0,1.000,0.999,500.6,500.6,256,dds_write(Reliable),500,500,500,0,0,0,0,9240,38412,500,1,0,0,0,0,0,0,500,0,4000,0,0,500,0,0,0,0,0,0,606974,778642,1303144,1386384,1386384,772663,79323,103408,463361,1278483,1278483,183085,10,21,94,226,226,23,689907,934424,1707127,2013998,2013998,955803,0.6703,2.5276,0.0000,0.6711,2.5307,3.2018,906,9,33187,34,526344,10740,1,1,1,0,
r58_cyclonedds-udp_crc_blocking_1048576B_500Hz,cyclonedds-udp,full-read,crc,blocking,1048576,1048573,32,0,null(DDS 侧未采集 wire 字节),500.0,1.000,0.999,500.6,500.6,256,dds_write(Reliable),500,500,500,0,0,7,0,7958162,28978587,500,1,0,0,0,0,0,0,500,0,4000,0,0,500,0,0,0,0,0,0,583325,794993,1464945,9957360,9957360,837633,82578,102752,486515,644621,644621,174878,11,13,115,245,245,19,670997,940533,1618693,10060151,10060151,1012564,0.7057,2.5167,0.0000,0.7065,2.5197,3.2262,899,16,34498,33,525528,10888,1,1,1,0,
r59_cyclonedds-udp_full_blocking_1048576B_500Hz,cyclonedds-udp,full-read,full,blocking,1048576,1048573,32,0,null(DDS 侧未采集 wire 字节),500.0,1.000,0.999,500.6,500.6,256,dds_write(Reliable),500,500,500,0,0,0,0,4479,26921,500,1,0,0,0,0,0,0,500,0,79469000,0,0,500,0,0,0,0,0,0,603564,680079,949913,972276,972276,747396,78650,89154,328948,382370,382370,155489,280100,280146,288508,296439,296439,280663,1000111,1196764,1536585,1563746,1563746,1183575,0.6554,2.5221,0.0000,0.6561,2.5249,3.1810,919,9,37756,17,526412,10636,1,1,1,0,
r60_cyclonedds-iox_timestamp_blocking_64B_1000Hz,cyclonedds-iox,transport,timestamp,blocking,64,63,32,0,null(DDS 侧未采集 wire 字节),1000.0,1.000,0.999,1001.0,1001.0,256,dds_write(Reliable),1000,1000,1000,0,0,2,0,141010,658512,1000,1,0,0,0,0,0,0,1000,0,8000,0,0,1000,0,0,0,0,0,0,1513,4971,25240,61625,61625,7878,223,5517,62547,142312,142312,8209,9,11,50,157,157,12,3910,12373,80692,163591,163591,16132,0.0542,2.2019,0.0000,0.0543,2.2041,2.2584,2303,5,3559,15,7936,6912,1,1,1,0,
r61_cyclonedds-iox_crc_blocking_64B_1000Hz,cyclonedds-iox,full-read,crc,blocking,64,63,32,0,null(DDS 侧未采集 wire 字节),1000.0,1.000,0.999,1001.0,1001.0,256,dds_write(Reliable),1000,1000,1000,0,0,0,0,19498,77528,1000,1,0,0,0,0,0,0,1000,0,8000,0,0,1000,0,0,0,0,0,0,3304,5025,30780,44828,44828,7814,3102,5584,25898,55270,55270,7339,9,11,24,102,102,11,7408,11145,51740,68795,68795,15188,0.0535,2.2010,0.0100,0.0535,2.2032,2.2667,2310,0,2976,27,7424,7680,1,1,1,0,
r62_cyclonedds-iox_full_blocking_64B_1000Hz,cyclonedds-iox,full-read,full,blocking,64,63,32,0,null(DDS 侧未采集 wire 字节),1000.0,1.000,0.999,1001.0,1001.0,256,dds_write(Reliable),1000,1000,1000,0,0,0,0,25653,137347,1000,1,0,0,0,0,0,0,1000,0,19000,0,0,1000,0,0,0,0,0,0,1499,5109,26331,46713,46713,6779,1939,6830,35833,125814,125814,9268,33,36,145,351,351,43,3922,13910,52636,127855,127855,16136,0.0877,2.2013,0.0100,0.0878,2.2034,2.3012,2303,18,3228,20,7168,6656,1,1,1,0,
r63_cyclonedds-iox_timestamp_blocking_1024B_1000Hz,cyclonedds-iox,transport,timestamp,blocking,1024,1021,32,0,null(DDS 侧未采集 wire 字节),1000.0,1.000,0.999,1001.0,1001.0,256,dds_write(Reliable),1000,1000,1000,0,0,0,0,44808,161100,1000,1,0,0,0,0,0,0,1000,0,8000,0,0,1000,0,0,0,0,0,0,1796,5877,33426,48286,48286,10201,4,9328,30980,93191,93191,12773,9,11,81,217,217,16,6309,18389,54135,118398,118398,22929,0.0567,2.2067,0.0000,0.0567,2.2088,2.2656,2304,6,3880,23,7680,6656,1,1,1,0,
r64_cyclonedds-iox_timestamp_busy_1024B_1000Hz,cyclonedds-iox,transport,timestamp,busy,1024,1021,32,0,null(DDS 侧未采集 wire 字节),1000.0,1.000,0.999,1001.0,1001.0,256,dds_write(Reliable),1000,1000,1000,0,0,0,0,68936,129667,1000,1,0,0,0,0,0,0,1000,0,8000,0,0,1000,0,0,0,0,0,0,1664,4873,25969,48625,48625,6547,1388,6715,122840,2262382,2262382,18147,9,11,74,130,130,14,4167,12043,140556,2267933,2267933,24734,0.0521,2.2011,0.0000,0.0522,2.2032,2.2554,2306,12,3893,75,6912,7936,1,1,1,0,
r65_cyclonedds-iox_crc_blocking_1024B_1000Hz,cyclonedds-iox,full-read,crc,blocking,1024,1021,32,0,null(DDS 侧未采集 wire 字节),1000.0,1.000,0.999,1001.0,1001.0,256,dds_write(Reliable),1000,1000,1000,0,0,0,0,63711,209919,1000,1,0,0,0,0,0,0,1000,0,8000,0,0,1000,0,0,0,0,0,0,1330,5107,31741,59548,59548,7345,3,4068,125388,799207,799207,9638,9,11,83,165,165,14,4134,10161,128350,800566,800566,17027,0.0562,2.1979,0.0000,0.0563,2.2001,2.2564,2302,11,2843,28,7680,7168,1,1,1,0,
r66_cyclonedds-iox_crc_busy_1024B_1000Hz,cyclonedds-iox,full-read,crc,busy,1024,1021,32,0,null(DDS 侧未采集 wire 字节),1000.0,1.000,0.999,1001.0,1001.0,256,dds_write(Reliable),1000,1000,1000,0,0,1,0,101814,328679,1000,1,0,0,0,0,0,0,1000,0,8000,0,0,1000,0,0,0,0,0,0,1686,5392,27692,52591,52591,7063,1329,7293,54942,190606,190606,13403,9,11,47,106,106,12,6152,14989,69042,200886,200886,20508,0.0519,2.2055,0.0000,0.0520,2.2077,2.2596,2298,4,3874,19,7680,7168,1,1,1,0,
r67_cyclonedds-iox_full_blocking_1024B_1000Hz,cyclonedds-iox,full-read,full,blocking,1024,1021,32,0,null(DDS 侧未采集 wire 字节),1000.0,1.000,0.999,1001.0,1001.0,256,dds_write(Reliable),1000,1000,1000,0,0,0,0,80165,157162,1000,1,0,0,0,0,0,0,1000,0,172000,0,0,1000,0,0,0,0,0,0,1674,5105,32370,47763,47763,7342,11,5185,33443,64112,64112,7310,265,287,480,969,969,297,4349,12184,51074,68582,68582,14972,0.0502,2.2000,0.0000,0.0503,2.2022,2.2525,2314,7,2939,22,7424,7168,1,1,1,0,
r68_cyclonedds-iox_full_busy_1024B_1000Hz,cyclonedds-iox,full-read,full,busy,1024,1021,32,0,null(DDS 侧未采集 wire 字节),1000.0,1.000,0.999,1001.0,1001.0,256,dds_write(Reliable),1000,1000,1000,0,0,9,0,177206,2149553,1000,1,0,0,0,0,0,0,1000,0,172000,0,0,1000,0,0,0,0,0,0,1709,8887,45439,50669,50669,8398,118,6717,37142,231015,231015,8893,258,284,445,653,653,291,4429,15724,53894,255616,255616,17632,0.0809,2.2035,0.0100,0.0810,2.2057,2.2967,2312,30,3455,39,7424,7424,1,1,1,0,
r69_cyclonedds-iox_timestamp_blocking_65536B_1000Hz,cyclonedds-iox,transport,timestamp,blocking,65536,65533,32,0,null(DDS 侧未采集 wire 字节),1000.0,1.000,0.999,1001.0,1001.0,256,dds_write(Reliable),1000,1000,1000,0,0,0,0,65065,460670,1000,1,0,0,0,0,0,0,1000,0,8000,0,0,1000,0,0,0,0,0,0,16236,31854,84349,150184,150184,32118,5469,10459,30853,55306,55306,14006,11,14,56,193,193,15,21967,42631,96869,159213,159213,46159,0.0967,2.2022,0.0000,0.0968,2.2043,2.3012,2215,13,3290,39,7424,7168,1,1,1,0,
r70_cyclonedds-iox_crc_blocking_65536B_1000Hz,cyclonedds-iox,full-read,crc,blocking,65536,65533,32,0,null(DDS 侧未采集 wire 字节),1000.0,1.000,0.999,1001.0,1001.0,256,dds_write(Reliable),1000,1000,1000,0,0,0,0,69712,198530,1000,1,0,0,0,0,0,0,1000,0,8000,0,0,1000,0,0,0,0,0,0,16196,32139,101961,137390,137390,40600,5120,9378,32454,110919,110919,11296,9,13,81,221,221,16,24881,43177,120670,147269,147269,51942,0.1120,2.1990,0.0000,0.1121,2.2012,2.3133,2185,7,2942,45,7424,7424,1,1,1,0,
r71_cyclonedds-iox_full_blocking_65536B_1000Hz,cyclonedds-iox,full-read,full,blocking,65536,65533,32,0,null(DDS 侧未采集 wire 字节),1000.0,1.000,0.999,1001.0,1001.0,256,dds_write(Reliable),1000,1000,1000,0,0,4,0,1447652,2388078,1000,1,0,0,0,0,0,0,1000,0,9946000,0,0,1000,0,0,0,0,0,0,16350,36563,118896,142381,142381,44519,2667,9578,124934,179225,179225,13303,16643,17833,22968,29735,29735,18156,39816,66097,184578,275056,275056,76021,0.1118,2.1992,0.0000,0.1119,2.2013,2.3132,2205,12,2864,28,7424,7168,1,1,1,0,
r72_cyclonedds-iox_timestamp_blocking_1048576B_500Hz,cyclonedds-iox,transport,timestamp,blocking,1048576,1048573,32,0,null(DDS 侧未采集 wire 字节),500.0,1.000,0.998,500.9,500.9,256,dds_write(Reliable),500,500,500,0,0,0,0,104388,1759261,500,1,0,0,0,0,0,0,500,0,4000,0,0,500,0,0,0,0,0,0,238554,297801,506477,589782,589782,331794,47647,53215,83188,103089,103089,56195,11,14,49,96,96,19,288049,354350,559830,652301,652301,388063,0.3453,2.1953,0.0000,0.3459,2.1991,2.5450,1199,24,1612,13,10688,9472,1,1,1,0,
r73_cyclonedds-iox_crc_blocking_1048576B_500Hz,cyclonedds-iox,full-read,crc,blocking,1048576,1048573,32,0,null(DDS 侧未采集 wire 字节),500.0,1.000,0.998,500.8,500.8,256,dds_write(Reliable),500,500,500,0,0,0,0,4966,30100,500,1,0,0,0,0,0,0,500,0,4000,0,0,500,0,0,0,0,0,0,239491,276554,484974,515208,515208,322316,44939,55788,120097,190903,190903,57968,11,21,96,155,155,20,289532,340746,564959,635199,635199,380334,0.3440,2.1883,0.0000,0.3445,2.1917,2.5362,1193,4,1751,16,10712,9012,1,1,1,0,
r74_cyclonedds-iox_full_blocking_1048576B_500Hz,cyclonedds-iox,full-read,full,blocking,1048576,1048573,32,0,null(DDS 侧未采集 wire 字节),500.0,1.000,0.998,500.8,500.8,256,dds_write(Reliable),500,500,500,0,0,0,0,147948,1729487,500,1,0,0,0,0,0,0,500,0,79469000,0,0,500,0,0,0,0,0,0,239374,277735,471305,507757,507757,294474,47537,55742,113135,119094,119094,60708,280069,285124,960731,966552,966552,324911,569308,627194,1367557,1448897,1448897,680146,0.3267,2.1965,0.0000,0.3272,2.2001,2.5274,1196,6,1573,68,16396,14668,1,1,1,0,
