log,arm,craft,n,received,misses,first_miss,c1,reap,mismatch,rx_late
ablation_A_L1.log,L1-compat,1,400,6,394,6,0,-1,0,0
ablation_A_default.log,default-sched,1,400,36,364,36,0,-1,0,0
ablation_B_L1.log,L1-compat,1,400,400,0,-1,0,-1,0,0
ablation_B_default.log,default-sched,1,400,400,0,-1,1,2100,0,0
e400_DEF_400_1.log,default-sched,1,400,400,0,-1,1,2100,0,0
e400_DEF_400_10.log,default-sched,1,400,400,0,-1,1,2050,0,0
e400_DEF_400_2.log,default-sched,1,400,400,0,-1,1,2100,0,0
e400_DEF_400_3.log,default-sched,1,400,400,0,-1,1,2050,0,0
e400_DEF_400_4.log,default-sched,1,400,400,0,-1,1,2050,0,0
e400_DEF_400_5.log,default-sched,1,400,400,0,-1,1,2100,0,0
e400_DEF_400_6.log,default-sched,1,400,400,0,-1,1,2100,0,0
e400_DEF_400_7.log,default-sched,1,400,400,0,-1,1,2100,0,0
e400_DEF_400_8.log,default-sched,1,400,400,0,-1,1,2050,0,0
e400_DEF_400_9.log,default-sched,1,400,400,0,-1,1,2051,0,0
e400_L1_400_1.log,L1-compat,1,400,400,0,-1,1,2002,0,0
e400_L1_400_10.log,L1-compat,1,400,400,0,-1,1,2003,0,0
e400_L1_400_11.log,L1-compat,1,400,400,0,-1,1,2002,0,0
e400_L1_400_12.log,L1-compat,1,400,400,0,-1,1,2003,0,0
e400_L1_400_13.log,L1-compat,1,400,400,0,-1,1,2003,0,0
e400_L1_400_14.log,L1-compat,1,400,400,0,-1,1,2005,0,0
e400_L1_400_15.log,L1-compat,1,400,400,0,-1,1,2004,0,0
e400_L1_400_16.log,L1-compat,1,400,400,0,-1,1,2002,0,0
e400_L1_400_17.log,L1-compat,1,400,400,0,-1,1,2006,0,0
e400_L1_400_18.log,L1-compat,1,400,400,0,-1,1,2003,0,0
e400_L1_400_19.log,L1-compat,1,400,400,0,-1,1,2004,0,0
e400_L1_400_2.log,L1-compat,1,400,400,0,-1,1,2004,0,0
e400_L1_400_20.log,L1-compat,1,400,400,0,-1,1,2003,0,0
e400_L1_400_3.log,L1-compat,1,400,400,0,-1,1,2006,0,0
e400_L1_400_4.log,L1-compat,1,400,400,0,-1,1,2003,0,0
e400_L1_400_5.log,L1-compat,1,400,400,0,-1,1,2002,0,0
e400_L1_400_6.log,L1-compat,1,400,400,0,-1,1,2003,0,0
e400_L1_400_7.log,L1-compat,1,400,400,0,-1,1,2004,0,0
e400_L1_400_8.log,L1-compat,1,400,400,0,-1,1,2005,0,0
e400_L1_400_9.log,L1-compat,1,400,400,0,-1,1,2003,0,0
e400_L1_400_load_1.log,L1-compat,1,400,400,0,-1,1,2003,0,0
e400_L1_400_load_10.log,L1-compat,1,400,400,0,-1,1,2002,0,0
e400_L1_400_load_2.log,L1-compat,1,400,400,0,-1,1,2002,0,0
e400_L1_400_load_3.log,L1-compat,1,400,400,0,-1,1,2007,0,0
e400_L1_400_load_4.log,L1-compat,1,400,400,0,-1,1,2004,0,0
e400_L1_400_load_5.log,L1-compat,1,400,400,0,-1,1,2002,0,0
e400_L1_400_load_6.log,L1-compat,1,400,400,0,-1,1,2002,0,0
e400_L1_400_load_7.log,L1-compat,1,400,400,0,-1,1,2002,0,0
e400_L1_400_load_8.log,L1-compat,1,400,400,0,-1,1,2008,0,0
e400_L1_400_load_9.log,L1-compat,1,400,400,0,-1,1,2006,0,0
e400_L1_400_nocraft_load_1.log,L1-compat,0,400,400,0,-1,0,-1,0,0
e400_L1_400_nocraft_load_10.log,L1-compat,0,400,400,0,-1,0,-1,0,0
e400_L1_400_nocraft_load_2.log,L1-compat,0,400,400,0,-1,0,-1,0,0
e400_L1_400_nocraft_load_3.log,L1-compat,0,400,400,0,-1,0,-1,0,0
e400_L1_400_nocraft_load_4.log,L1-compat,0,400,400,0,-1,0,-1,0,0
e400_L1_400_nocraft_load_5.log,L1-compat,0,400,400,0,-1,0,-1,0,0
e400_L1_400_nocraft_load_6.log,L1-compat,0,400,400,0,-1,0,-1,0,0
e400_L1_400_nocraft_load_7.log,L1-compat,0,400,400,0,-1,0,-1,0,0
e400_L1_400_nocraft_load_8.log,L1-compat,0,400,400,0,-1,0,-1,0,0
e400_L1_400_nocraft_load_9.log,L1-compat,0,400,400,0,-1,0,-1,0,0
flake_probe_DEFAULT_1.log,default-sched,1,100,100,0,-1,1,2100,0,0
flake_probe_DEFAULT_10.log,default-sched,1,100,100,0,-1,1,2050,0,0
flake_probe_DEFAULT_11.log,default-sched,1,100,100,0,-1,1,2101,0,0
flake_probe_DEFAULT_12.log,default-sched,1,100,100,0,-1,1,2100,0,0
flake_probe_DEFAULT_13.log,default-sched,1,100,100,0,-1,1,2100,0,0
flake_probe_DEFAULT_14.log,default-sched,1,100,100,0,-1,1,2050,0,0
flake_probe_DEFAULT_15.log,default-sched,1,100,100,0,-1,1,2050,0,0
flake_probe_DEFAULT_16.log,default-sched,1,100,100,0,-1,1,2100,0,0
flake_probe_DEFAULT_17.log,default-sched,1,100,100,0,-1,1,2100,0,0
flake_probe_DEFAULT_18.log,default-sched,1,100,100,0,-1,1,2100,0,0
flake_probe_DEFAULT_19.log,default-sched,1,100,100,0,-1,1,2100,0,0
flake_probe_DEFAULT_2.log,default-sched,1,100,100,0,-1,1,2050,0,0
flake_probe_DEFAULT_20.log,default-sched,1,100,100,0,-1,1,2050,0,0
flake_probe_DEFAULT_21.log,default-sched,1,100,100,0,-1,1,2051,0,0
flake_probe_DEFAULT_22.log,default-sched,1,100,100,0,-1,1,2050,0,0
flake_probe_DEFAULT_23.log,default-sched,1,100,100,0,-1,1,2051,0,0
flake_probe_DEFAULT_24.log,default-sched,1,100,100,0,-1,1,2051,0,0
flake_probe_DEFAULT_25.log,default-sched,1,100,100,0,-1,1,2050,0,0
flake_probe_DEFAULT_26.log,default-sched,1,100,100,0,-1,1,2050,0,0
flake_probe_DEFAULT_27.log,default-sched,1,100,100,0,-1,1,2050,0,0
flake_probe_DEFAULT_28.log,default-sched,1,100,100,0,-1,1,2050,0,0
flake_probe_DEFAULT_29.log,default-sched,1,100,100,0,-1,1,2050,0,0
flake_probe_DEFAULT_3.log,default-sched,1,100,100,0,-1,1,2100,0,0
flake_probe_DEFAULT_30.log,default-sched,1,100,100,0,-1,1,2100,0,0
flake_probe_DEFAULT_31.log,default-sched,1,100,100,0,-1,1,2100,0,0
flake_probe_DEFAULT_32.log,default-sched,1,100,100,0,-1,1,2051,0,0
flake_probe_DEFAULT_33.log,default-sched,1,100,100,0,-1,1,2100,0,0
flake_probe_DEFAULT_34.log,default-sched,1,100,100,0,-1,1,2100,0,0
flake_probe_DEFAULT_35.log,default-sched,1,100,100,0,-1,1,2100,0,0
flake_probe_DEFAULT_36.log,default-sched,1,100,100,0,-1,1,2100,0,0
flake_probe_DEFAULT_37.log,default-sched,1,100,100,0,-1,1,2100,0,0
flake_probe_DEFAULT_38.log,default-sched,1,100,100,0,-1,1,2100,0,0
flake_probe_DEFAULT_39.log,default-sched,1,100,100,0,-1,1,2050,0,0
flake_probe_DEFAULT_4.log,default-sched,1,100,100,0,-1,1,2050,0,0
flake_probe_DEFAULT_40.log,default-sched,1,100,100,0,-1,1,2100,0,0
flake_probe_DEFAULT_5.log,default-sched,1,100,100,0,-1,1,2050,0,0
flake_probe_DEFAULT_6.log,default-sched,1,100,100,0,-1,1,2051,0,0
flake_probe_DEFAULT_7.log,default-sched,1,100,100,0,-1,1,2100,0,0
flake_probe_DEFAULT_8.log,default-sched,1,100,100,0,-1,1,2051,0,0
flake_probe_DEFAULT_9.log,default-sched,1,100,100,0,-1,1,2050,0,0
flake_probe_L1_1.log,L1-compat,1,100,100,0,-1,1,2004,0,0
flake_probe_L1_10.log,L1-compat,1,100,100,0,-1,1,2005,0,0
flake_probe_L1_100.log,L1-compat,1,100,100,0,-1,1,2003,0,0
flake_probe_L1_11.log,L1-compat,1,100,100,0,-1,1,2003,0,0
flake_probe_L1_12.log,L1-compat,1,100,100,0,-1,1,2003,0,0
flake_probe_L1_13.log,L1-compat,1,100,100,0,-1,1,2006,0,0
flake_probe_L1_14.log,L1-compat,1,100,100,0,-1,1,2003,0,0
flake_probe_L1_15.log,L1-compat,1,100,100,0,-1,1,2006,0,0
flake_probe_L1_16.log,L1-compat,1,100,100,0,-1,1,2002,0,0
flake_probe_L1_17.log,L1-compat,1,100,100,0,-1,1,2003,0,0
flake_probe_L1_18.log,L1-compat,1,100,100,0,-1,1,2003,0,0
flake_probe_L1_19.log,L1-compat,1,100,100,0,-1,1,2003,0,0
flake_probe_L1_2.log,L1-compat,1,100,100,0,-1,1,2004,0,0
flake_probe_L1_20.log,L1-compat,1,100,100,0,-1,1,2003,0,0
flake_probe_L1_21.log,L1-compat,1,100,100,0,-1,1,2003,0,0
flake_probe_L1_22.log,L1-compat,1,100,100,0,-1,1,2006,0,0
flake_probe_L1_23.log,L1-compat,1,100,100,0,-1,1,2003,0,0
flake_probe_L1_24.log,L1-compat,1,100,100,0,-1,1,2004,0,0
flake_probe_L1_25.log,L1-compat,1,100,100,0,-1,1,2003,0,0
flake_probe_L1_26.log,L1-compat,1,100,100,0,-1,1,2006,0,0
flake_probe_L1_27.log,L1-compat,1,100,100,0,-1,1,2004,0,0
flake_probe_L1_28.log,L1-compat,1,100,100,0,-1,1,2004,0,0
flake_probe_L1_29.log,L1-compat,1,100,100,0,-1,1,2004,0,0
flake_probe_L1_3.log,L1-compat,1,100,100,0,-1,1,2006,0,0
flake_probe_L1_30.log,L1-compat,1,100,100,0,-1,1,2006,0,0
flake_probe_L1_31.log,L1-compat,1,100,100,0,-1,1,2003,0,0
flake_probe_L1_32.log,L1-compat,1,100,100,0,-1,1,2006,0,0
flake_probe_L1_33.log,L1-compat,1,100,100,0,-1,1,2002,0,0
flake_probe_L1_34.log,L1-compat,1,100,100,0,-1,1,2002,0,0
flake_probe_L1_35.log,L1-compat,1,100,100,0,-1,1,2002,0,0
flake_probe_L1_36.log,L1-compat,1,100,100,0,-1,1,2003,0,0
flake_probe_L1_37.log,L1-compat,1,100,99,1,0,1,2003,0,0
flake_probe_L1_38.log,L1-compat,1,100,100,0,-1,1,2003,0,0
flake_probe_L1_39.log,L1-compat,1,100,100,0,-1,1,2007,0,0
flake_probe_L1_4.log,L1-compat,1,100,100,0,-1,1,2003,0,0
flake_probe_L1_40.log,L1-compat,1,100,100,0,-1,1,2002,0,0
flake_probe_L1_41.log,L1-compat,1,100,100,0,-1,1,2006,0,0
flake_probe_L1_42.log,L1-compat,1,100,100,0,-1,1,2005,0,0
flake_probe_L1_43.log,L1-compat,1,100,100,0,-1,1,2006,0,0
flake_probe_L1_44.log,L1-compat,1,100,100,0,-1,1,2002,0,0
flake_probe_L1_45.log,L1-compat,1,100,100,0,-1,1,2002,0,0
flake_probe_L1_46.log,L1-compat,1,100,100,0,-1,1,2006,0,0
flake_probe_L1_47.log,L1-compat,1,100,100,0,-1,1,2004,0,0
flake_probe_L1_48.log,L1-compat,1,100,99,1,0,1,2002,0,0
flake_probe_L1_49.log,L1-compat,1,100,100,0,-1,1,2002,0,0
flake_probe_L1_5.log,L1-compat,1,100,100,0,-1,1,2006,0,0
flake_probe_L1_50.log,L1-compat,1,100,100,0,-1,1,2002,0,0
flake_probe_L1_51.log,L1-compat,1,100,100,0,-1,1,2002,0,0
flake_probe_L1_52.log,L1-compat,1,100,100,0,-1,1,2003,0,0
flake_probe_L1_53.log,L1-compat,1,100,100,0,-1,1,2003,0,0
flake_probe_L1_54.log,L1-compat,1,100,100,0,-1,1,2003,0,0
flake_probe_L1_55.log,L1-compat,1,100,100,0,-1,1,2003,0,0
flake_probe_L1_56.log,L1-compat,1,100,100,0,-1,1,2003,0,0
flake_probe_L1_57.log,L1-compat,1,100,100,0,-1,1,2006,0,0
flake_probe_L1_58.log,L1-compat,1,100,100,0,-1,1,2006,0,0
flake_probe_L1_59.log,L1-compat,1,100,100,0,-1,1,2003,0,0
flake_probe_L1_6.log,L1-compat,1,100,100,0,-1,1,2006,0,0
flake_probe_L1_60.log,L1-compat,1,100,100,0,-1,1,2003,0,0
flake_probe_L1_61.log,L1-compat,1,100,100,0,-1,1,2005,0,0
flake_probe_L1_62.log,L1-compat,1,100,100,0,-1,1,2004,0,0
flake_probe_L1_63.log,L1-compat,1,100,100,0,-1,1,2003,0,0
flake_probe_L1_64.log,L1-compat,1,100,100,0,-1,1,2003,0,0
flake_probe_L1_65.log,L1-compat,1,100,100,0,-1,1,2003,0,0
flake_probe_L1_66.log,L1-compat,1,100,100,0,-1,1,2004,0,0
flake_probe_L1_67.log,L1-compat,1,100,100,0,-1,1,2003,0,0
flake_probe_L1_68.log,L1-compat,1,100,100,0,-1,1,2002,0,0
flake_probe_L1_69.log,L1-compat,1,100,100,0,-1,1,2003,0,0
flake_probe_L1_7.log,L1-compat,1,100,100,0,-1,1,2006,0,0
flake_probe_L1_70.log,L1-compat,1,100,100,0,-1,1,2002,0,0
flake_probe_L1_71.log,L1-compat,1,100,100,0,-1,1,2004,0,0
flake_probe_L1_72.log,L1-compat,1,100,100,0,-1,1,2003,0,0
flake_probe_L1_73.log,L1-compat,1,100,100,0,-1,1,2002,0,0
flake_probe_L1_74.log,L1-compat,1,100,100,0,-1,1,2004,0,0
flake_probe_L1_75.log,L1-compat,1,100,100,0,-1,1,2004,0,0
flake_probe_L1_76.log,L1-compat,1,100,100,0,-1,1,2002,0,0
flake_probe_L1_77.log,L1-compat,1,100,100,0,-1,1,2003,0,0
flake_probe_L1_78.log,L1-compat,1,100,100,0,-1,1,2006,0,0
flake_probe_L1_79.log,L1-compat,1,100,100,0,-1,1,2006,0,0
flake_probe_L1_8.log,L1-compat,1,100,100,0,-1,1,2002,0,0
flake_probe_L1_80.log,L1-compat,1,100,100,0,-1,1,2005,0,0
flake_probe_L1_81.log,L1-compat,1,100,100,0,-1,1,2002,0,0
flake_probe_L1_82.log,L1-compat,1,100,100,0,-1,1,2003,0,0
flake_probe_L1_83.log,L1-compat,1,100,100,0,-1,1,2002,0,0
flake_probe_L1_84.log,L1-compat,1,100,100,0,-1,1,2006,0,0
flake_probe_L1_85.log,L1-compat,1,100,100,0,-1,1,2004,0,0
flake_probe_L1_86.log,L1-compat,1,100,100,0,-1,1,2004,0,0
flake_probe_L1_87.log,L1-compat,1,100,100,0,-1,1,2006,0,0
flake_probe_L1_88.log,L1-compat,1,100,100,0,-1,1,2005,0,0
flake_probe_L1_89.log,L1-compat,1,100,100,0,-1,1,2004,0,0
flake_probe_L1_9.log,L1-compat,1,100,100,0,-1,1,2003,0,0
flake_probe_L1_90.log,L1-compat,1,100,100,0,-1,1,2005,0,0
flake_probe_L1_91.log,L1-compat,1,100,100,0,-1,1,2003,0,0
flake_probe_L1_92.log,L1-compat,1,100,100,0,-1,1,2003,0,0
flake_probe_L1_93.log,L1-compat,1,100,100,0,-1,1,2002,0,0
flake_probe_L1_94.log,L1-compat,1,100,100,0,-1,1,2003,0,0
flake_probe_L1_95.log,L1-compat,1,100,100,0,-1,1,2003,0,0
flake_probe_L1_96.log,L1-compat,1,100,100,0,-1,1,2004,0,0
flake_probe_L1_97.log,L1-compat,1,100,100,0,-1,1,2003,0,0
flake_probe_L1_98.log,L1-compat,1,100,100,0,-1,1,2003,0,0
flake_probe_L1_99.log,L1-compat,1,100,100,0,-1,1,2003,0,0
fm_DEF_1.log,default-sched,0,1,1,0,-1,0,-1,0,0
fm_DEF_10.log,default-sched,0,1,1,0,-1,0,-1,0,0
fm_DEF_11.log,default-sched,0,1,1,0,-1,0,-1,0,0
fm_DEF_12.log,default-sched,0,1,1,0,-1,0,-1,0,0
fm_DEF_13.log,default-sched,0,1,1,0,-1,0,-1,0,0
fm_DEF_14.log,default-sched,0,1,1,0,-1,0,-1,0,0
fm_DEF_15.log,default-sched,0,1,1,0,-1,0,-1,0,0
fm_DEF_16.log,default-sched,0,1,1,0,-1,0,-1,0,0
fm_DEF_17.log,default-sched,0,1,1,0,-1,0,-1,0,0
fm_DEF_18.log,default-sched,0,1,1,0,-1,0,-1,0,0
fm_DEF_19.log,default-sched,0,1,1,0,-1,0,-1,0,0
fm_DEF_2.log,default-sched,0,1,1,0,-1,0,-1,0,0
fm_DEF_20.log,default-sched,0,1,1,0,-1,0,-1,0,0
fm_DEF_21.log,default-sched,0,1,1,0,-1,0,-1,0,0
fm_DEF_22.log,default-sched,0,1,1,0,-1,0,-1,0,0
fm_DEF_23.log,default-sched,0,1,1,0,-1,0,-1,0,0
fm_DEF_24.log,default-sched,0,1,1,0,-1,0,-1,0,0
fm_DEF_25.log,default-sched,0,1,1,0,-1,0,-1,0,0
fm_DEF_26.log,default-sched,0,1,1,0,-1,0,-1,0,0
fm_DEF_27.log,default-sched,0,1,1,0,-1,0,-1,0,0
fm_DEF_28.log,default-sched,0,1,1,0,-1,0,-1,0,0
fm_DEF_29.log,default-sched,0,1,1,0,-1,0,-1,0,0
fm_DEF_3.log,default-sched,0,1,1,0,-1,0,-1,0,0
fm_DEF_30.log,default-sched,0,1,1,0,-1,0,-1,0,0
fm_DEF_31.log,default-sched,0,1,1,0,-1,0,-1,0,0
fm_DEF_32.log,default-sched,0,1,1,0,-1,0,-1,0,0
fm_DEF_33.log,default-sched,0,1,1,0,-1,0,-1,0,0
fm_DEF_34.log,default-sched,0,1,1,0,-1,0,-1,0,0
fm_DEF_35.log,default-sched,0,1,1,0,-1,0,-1,0,0
fm_DEF_36.log,default-sched,0,1,1,0,-1,0,-1,0,0
fm_DEF_37.log,default-sched,0,1,1,0,-1,0,-1,0,0
fm_DEF_38.log,default-sched,0,1,1,0,-1,0,-1,0,0
fm_DEF_39.log,default-sched,0,1,1,0,-1,0,-1,0,0
fm_DEF_4.log,default-sched,0,1,1,0,-1,0,-1,0,0
fm_DEF_40.log,default-sched,0,1,1,0,-1,0,-1,0,0
fm_DEF_41.log,default-sched,0,1,1,0,-1,0,-1,0,0
fm_DEF_42.log,default-sched,0,1,1,0,-1,0,-1,0,0
fm_DEF_43.log,default-sched,0,1,1,0,-1,0,-1,0,0
fm_DEF_44.log,default-sched,0,1,1,0,-1,0,-1,0,0
fm_DEF_45.log,default-sched,0,1,1,0,-1,0,-1,0,0
fm_DEF_46.log,default-sched,0,1,1,0,-1,0,-1,0,0
fm_DEF_47.log,default-sched,0,1,1,0,-1,0,-1,0,0
fm_DEF_48.log,default-sched,0,1,1,0,-1,0,-1,0,0
fm_DEF_49.log,default-sched,0,1,1,0,-1,0,-1,0,0
fm_DEF_5.log,default-sched,0,1,1,0,-1,0,-1,0,0
fm_DEF_50.log,default-sched,0,1,1,0,-1,0,-1,0,0
fm_DEF_51.log,default-sched,0,1,1,0,-1,0,-1,0,0
fm_DEF_52.log,default-sched,0,1,1,0,-1,0,-1,0,0
fm_DEF_53.log,default-sched,0,1,1,0,-1,0,-1,0,0
fm_DEF_54.log,default-sched,0,1,1,0,-1,0,-1,0,0
fm_DEF_55.log,default-sched,0,1,1,0,-1,0,-1,0,0
fm_DEF_56.log,default-sched,0,1,1,0,-1,0,-1,0,0
fm_DEF_57.log,default-sched,0,1,1,0,-1,0,-1,0,0
fm_DEF_58.log,default-sched,0,1,1,0,-1,0,-1,0,0
fm_DEF_59.log,default-sched,0,1,1,0,-1,0,-1,0,0
fm_DEF_6.log,default-sched,0,1,1,0,-1,0,-1,0,0
fm_DEF_60.log,default-sched,0,1,1,0,-1,0,-1,0,0
fm_DEF_7.log,default-sched,0,1,1,0,-1,0,-1,0,0
fm_DEF_8.log,default-sched,0,1,1,0,-1,0,-1,0,0
fm_DEF_9.log,default-sched,0,1,1,0,-1,0,-1,0,0
fm_L1_1.log,L1-compat,0,1,1,0,-1,0,-1,0,0
fm_L1_10.log,L1-compat,0,1,1,0,-1,0,-1,0,0
fm_L1_11.log,L1-compat,0,1,1,0,-1,0,-1,0,0
fm_L1_12.log,L1-compat,0,1,1,0,-1,0,-1,0,0
fm_L1_13.log,L1-compat,0,1,1,0,-1,0,-1,0,0
fm_L1_14.log,L1-compat,0,1,1,0,-1,0,-1,0,0
fm_L1_15.log,L1-compat,0,1,1,0,-1,0,-1,0,0
fm_L1_16.log,L1-compat,0,1,1,0,-1,0,-1,0,0
fm_L1_17.log,L1-compat,0,1,1,0,-1,0,-1,0,0
fm_L1_18.log,L1-compat,0,1,1,0,-1,0,-1,0,0
fm_L1_19.log,L1-compat,0,1,1,0,-1,0,-1,0,0
fm_L1_2.log,L1-compat,0,1,1,0,-1,0,-1,0,0
fm_L1_20.log,L1-compat,0,1,1,0,-1,0,-1,0,0
fm_L1_21.log,L1-compat,0,1,1,0,-1,0,-1,0,0
fm_L1_22.log,L1-compat,0,1,1,0,-1,0,-1,0,0
fm_L1_23.log,L1-compat,0,1,1,0,-1,0,-1,0,0
fm_L1_24.log,L1-compat,0,1,1,0,-1,0,-1,0,0
fm_L1_25.log,L1-compat,0,1,1,0,-1,0,-1,0,0
fm_L1_26.log,L1-compat,0,1,1,0,-1,0,-1,0,0
fm_L1_27.log,L1-compat,0,1,1,0,-1,0,-1,0,0
fm_L1_28.log,L1-compat,0,1,1,0,-1,0,-1,0,0
fm_L1_29.log,L1-compat,0,1,1,0,-1,0,-1,0,0
fm_L1_3.log,L1-compat,0,1,1,0,-1,0,-1,0,0
fm_L1_30.log,L1-compat,0,1,1,0,-1,0,-1,0,0
fm_L1_31.log,L1-compat,0,1,1,0,-1,0,-1,0,0
fm_L1_32.log,L1-compat,0,1,1,0,-1,0,-1,0,0
fm_L1_33.log,L1-compat,0,1,1,0,-1,0,-1,0,0
fm_L1_34.log,L1-compat,0,1,1,0,-1,0,-1,0,0
fm_L1_35.log,L1-compat,0,1,1,0,-1,0,-1,0,0
fm_L1_36.log,L1-compat,0,1,1,0,-1,0,-1,0,0
fm_L1_37.log,L1-compat,0,1,1,0,-1,0,-1,0,0
fm_L1_38.log,L1-compat,0,1,1,0,-1,0,-1,0,0
fm_L1_39.log,L1-compat,0,1,1,0,-1,0,-1,0,0
fm_L1_4.log,L1-compat,0,1,1,0,-1,0,-1,0,0
fm_L1_40.log,L1-compat,0,1,1,0,-1,0,-1,0,0
fm_L1_41.log,L1-compat,0,1,0,1,0,0,-1,0,0
fm_L1_42.log,L1-compat,0,1,1,0,-1,0,-1,0,0
fm_L1_43.log,L1-compat,0,1,1,0,-1,0,-1,0,0
fm_L1_44.log,L1-compat,0,1,1,0,-1,0,-1,0,0
fm_L1_45.log,L1-compat,0,1,1,0,-1,0,-1,0,0
fm_L1_46.log,L1-compat,0,1,1,0,-1,0,-1,0,0
fm_L1_47.log,L1-compat,0,1,1,0,-1,0,-1,0,0
fm_L1_48.log,L1-compat,0,1,1,0,-1,0,-1,0,0
fm_L1_49.log,L1-compat,0,1,1,0,-1,0,-1,0,0
fm_L1_5.log,L1-compat,0,1,1,0,-1,0,-1,0,0
fm_L1_50.log,L1-compat,0,1,1,0,-1,0,-1,0,0
fm_L1_51.log,L1-compat,0,1,1,0,-1,0,-1,0,0
fm_L1_52.log,L1-compat,0,1,1,0,-1,0,-1,0,0
fm_L1_53.log,L1-compat,0,1,1,0,-1,0,-1,0,0
fm_L1_54.log,L1-compat,0,1,1,0,-1,0,-1,0,0
fm_L1_55.log,L1-compat,0,1,1,0,-1,0,-1,0,0
fm_L1_56.log,L1-compat,0,1,0,1,0,0,-1,0,0
fm_L1_57.log,L1-compat,0,1,1,0,-1,0,-1,0,0
fm_L1_58.log,L1-compat,0,1,1,0,-1,0,-1,0,0
fm_L1_59.log,L1-compat,0,1,1,0,-1,0,-1,0,0
fm_L1_6.log,L1-compat,0,1,1,0,-1,0,-1,0,0
fm_L1_60.log,L1-compat,0,1,1,0,-1,0,-1,0,0
fm_L1_7.log,L1-compat,0,1,1,0,-1,0,-1,0,0
fm_L1_8.log,L1-compat,0,1,1,0,-1,0,-1,0,0
fm_L1_9.log,L1-compat,0,1,1,0,-1,0,-1,0,0
fv_1.log,L1-compat,0,1,1,0,-1,0,-1,0,0
fv_10.log,L1-compat,0,1,1,0,-1,0,-1,0,0
fv_11.log,L1-compat,0,1,1,0,-1,0,-1,0,0
fv_12.log,L1-compat,0,1,1,0,-1,0,-1,0,0
fv_13.log,L1-compat,0,1,1,0,-1,0,-1,0,0
fv_14.log,L1-compat,0,1,1,0,-1,0,-1,0,0
fv_15.log,L1-compat,0,1,1,0,-1,0,-1,0,0
fv_16.log,L1-compat,0,1,1,0,-1,0,-1,0,0
fv_17.log,L1-compat,0,1,1,0,-1,0,-1,0,0
fv_18.log,L1-compat,0,1,1,0,-1,0,-1,0,0
fv_19.log,L1-compat,0,1,1,0,-1,0,-1,0,0
fv_2.log,L1-compat,0,1,1,0,-1,0,-1,0,0
fv_20.log,L1-compat,0,1,1,0,-1,0,-1,0,0
fv_21.log,L1-compat,0,1,1,0,-1,0,-1,0,0
fv_22.log,L1-compat,0,1,1,0,-1,0,-1,0,0
fv_23.log,L1-compat,0,1,1,0,-1,0,-1,0,0
fv_24.log,L1-compat,0,1,1,0,-1,0,-1,0,0
fv_25.log,L1-compat,0,1,1,0,-1,0,-1,0,0
fv_26.log,L1-compat,0,1,1,0,-1,0,-1,0,0
fv_27.log,L1-compat,0,1,1,0,-1,0,-1,0,0
fv_28.log,L1-compat,0,1,1,0,-1,0,-1,0,0
fv_29.log,L1-compat,0,1,1,0,-1,0,-1,0,0
fv_3.log,L1-compat,0,1,1,0,-1,0,-1,0,0
fv_30.log,L1-compat,0,1,1,0,-1,0,-1,0,0
fv_31.log,L1-compat,0,1,1,0,-1,0,-1,0,0
fv_32.log,L1-compat,0,1,0,1,0,0,-1,0,0
fv_33.log,L1-compat,0,1,1,0,-1,0,-1,0,0
fv_34.log,L1-compat,0,1,1,0,-1,0,-1,0,0
fv_35.log,L1-compat,0,1,1,0,-1,0,-1,0,0
fv_36.log,L1-compat,0,1,1,0,-1,0,-1,0,0
fv_37.log,L1-compat,0,1,1,0,-1,0,-1,0,0
fv_38.log,L1-compat,0,1,1,0,-1,0,-1,0,0
fv_39.log,L1-compat,0,1,1,0,-1,0,-1,0,0
fv_4.log,L1-compat,0,1,1,0,-1,0,-1,0,0
fv_40.log,L1-compat,0,1,1,0,-1,0,-1,0,0
fv_41.log,L1-compat,0,1,1,0,-1,0,-1,0,0
fv_42.log,L1-compat,0,1,1,0,-1,0,-1,0,0
fv_43.log,L1-compat,0,1,1,0,-1,0,-1,0,0
fv_44.log,L1-compat,0,1,1,0,-1,0,-1,0,0
fv_45.log,L1-compat,0,1,1,0,-1,0,-1,0,0
fv_46.log,L1-compat,0,1,1,0,-1,0,-1,0,0
fv_47.log,L1-compat,0,1,1,0,-1,0,-1,0,0
fv_48.log,L1-compat,0,1,0,1,0,0,-1,0,0
fv_49.log,L1-compat,0,1,1,0,-1,0,-1,0,0
fv_5.log,L1-compat,0,1,1,0,-1,0,-1,0,0
fv_50.log,L1-compat,0,1,1,0,-1,0,-1,0,0
fv_51.log,L1-compat,0,1,1,0,-1,0,-1,0,0
fv_52.log,L1-compat,0,1,1,0,-1,0,-1,0,0
fv_53.log,L1-compat,0,1,1,0,-1,0,-1,0,0
fv_54.log,L1-compat,0,1,1,0,-1,0,-1,0,0
fv_55.log,L1-compat,0,1,1,0,-1,0,-1,0,0
fv_56.log,L1-compat,0,1,1,0,-1,0,-1,0,0
fv_57.log,L1-compat,0,1,1,0,-1,0,-1,0,0
fv_58.log,L1-compat,0,1,1,0,-1,0,-1,0,0
fv_59.log,L1-compat,0,1,1,0,-1,0,-1,0,0
fv_6.log,L1-compat,0,1,1,0,-1,0,-1,0,0
fv_60.log,L1-compat,0,1,1,0,-1,0,-1,0,0
fv_61.log,L1-compat,0,1,1,0,-1,0,-1,0,0
fv_62.log,L1-compat,0,1,1,0,-1,0,-1,0,0
fv_63.log,L1-compat,0,1,1,0,-1,0,-1,0,0
fv_64.log,L1-compat,0,1,1,0,-1,0,-1,0,0
fv_65.log,L1-compat,0,1,1,0,-1,0,-1,0,0
fv_66.log,L1-compat,0,1,1,0,-1,0,-1,0,0
fv_67.log,L1-compat,0,1,1,0,-1,0,-1,0,0
fv_68.log,L1-compat,0,1,1,0,-1,0,-1,0,0
fv_69.log,L1-compat,0,1,1,0,-1,0,-1,0,0
fv_7.log,L1-compat,0,1,1,0,-1,0,-1,0,0
fv_70.log,L1-compat,0,1,1,0,-1,0,-1,0,0
fv_71.log,L1-compat,0,1,1,0,-1,0,-1,0,0
fv_72.log,L1-compat,0,1,1,0,-1,0,-1,0,0
fv_73.log,L1-compat,0,1,1,0,-1,0,-1,0,0
fv_74.log,L1-compat,0,1,1,0,-1,0,-1,0,0
fv_75.log,L1-compat,0,1,1,0,-1,0,-1,0,0
fv_76.log,L1-compat,0,1,1,0,-1,0,-1,0,0
fv_77.log,L1-compat,0,1,1,0,-1,0,-1,0,0
fv_78.log,L1-compat,0,1,1,0,-1,0,-1,0,0
fv_79.log,L1-compat,0,1,1,0,-1,0,-1,0,0
fv_8.log,L1-compat,0,1,1,0,-1,0,-1,0,0
fv_80.log,L1-compat,0,1,1,0,-1,0,-1,0,0
fv_9.log,L1-compat,0,1,1,0,-1,0,-1,0,0
late_L1_1.log,L1-compat,1,100,100,0,-1,1,2004,0,0
late_L1_10.log,L1-compat,1,100,100,0,-1,1,2003,0,0
late_L1_100.log,L1-compat,1,100,100,0,-1,1,2003,0,0
late_L1_101.log,L1-compat,1,100,100,0,-1,1,2004,0,0
late_L1_102.log,L1-compat,1,100,100,0,-1,1,2003,0,0
late_L1_103.log,L1-compat,1,100,100,0,-1,1,2003,0,0
late_L1_104.log,L1-compat,1,100,100,0,-1,1,2003,0,0
late_L1_105.log,L1-compat,1,100,100,0,-1,1,2002,0,0
late_L1_106.log,L1-compat,1,100,100,0,-1,1,2003,0,0
late_L1_107.log,L1-compat,1,100,100,0,-1,1,2007,0,0
late_L1_108.log,L1-compat,1,100,100,0,-1,1,2005,0,0
late_L1_109.log,L1-compat,1,100,100,0,-1,1,2006,0,0
late_L1_11.log,L1-compat,1,100,100,0,-1,1,2003,0,0
late_L1_110.log,L1-compat,1,100,100,0,-1,1,2005,0,0
late_L1_111.log,L1-compat,1,100,100,0,-1,1,2002,0,0
late_L1_112.log,L1-compat,1,100,100,0,-1,1,2002,0,0
late_L1_113.log,L1-compat,1,100,100,0,-1,1,2005,0,0
late_L1_114.log,L1-compat,1,100,100,0,-1,1,2003,0,0
late_L1_115.log,L1-compat,1,100,100,0,-1,1,2003,0,0
late_L1_116.log,L1-compat,1,100,100,0,-1,1,2006,0,0
late_L1_117.log,L1-compat,1,100,100,0,-1,1,2004,0,0
late_L1_118.log,L1-compat,1,100,100,0,-1,1,2003,0,0
late_L1_119.log,L1-compat,1,100,100,0,-1,1,2002,0,0
late_L1_12.log,L1-compat,1,100,100,0,-1,1,2006,0,0
late_L1_120.log,L1-compat,1,100,100,0,-1,1,2002,0,0
late_L1_121.log,L1-compat,1,100,100,0,-1,1,2005,0,0
late_L1_122.log,L1-compat,1,100,100,0,-1,1,2002,0,0
late_L1_123.log,L1-compat,1,100,100,0,-1,1,2006,0,0
late_L1_124.log,L1-compat,1,100,100,0,-1,1,2003,0,0
late_L1_125.log,L1-compat,1,100,100,0,-1,1,2003,0,0
late_L1_126.log,L1-compat,1,100,100,0,-1,1,2002,0,0
late_L1_127.log,L1-compat,1,100,100,0,-1,1,2004,0,0
late_L1_128.log,L1-compat,1,100,100,0,-1,1,2002,0,0
late_L1_129.log,L1-compat,1,100,100,0,-1,1,2002,0,0
late_L1_13.log,L1-compat,1,100,100,0,-1,1,2002,0,0
late_L1_130.log,L1-compat,1,100,100,0,-1,1,2002,0,0
late_L1_131.log,L1-compat,1,100,100,0,-1,1,2006,0,0
late_L1_132.log,L1-compat,1,100,100,0,-1,1,2003,0,0
late_L1_133.log,L1-compat,1,100,100,0,-1,1,2004,0,0
late_L1_134.log,L1-compat,1,100,100,0,-1,1,2002,0,0
late_L1_135.log,L1-compat,1,100,100,0,-1,1,2003,0,0
late_L1_136.log,L1-compat,1,100,100,0,-1,1,2005,0,0
late_L1_137.log,L1-compat,1,100,100,0,-1,1,2005,0,0
late_L1_138.log,L1-compat,1,100,100,0,-1,1,2003,0,0
late_L1_139.log,L1-compat,1,100,100,0,-1,1,2005,0,0
late_L1_14.log,L1-compat,1,100,100,0,-1,1,2002,0,0
late_L1_140.log,L1-compat,1,100,100,0,-1,1,2002,0,0
late_L1_141.log,L1-compat,1,100,100,0,-1,1,2005,0,0
late_L1_142.log,L1-compat,1,100,100,0,-1,1,2003,0,0
late_L1_143.log,L1-compat,1,100,100,0,-1,1,2003,0,0
late_L1_144.log,L1-compat,1,100,100,0,-1,1,2003,0,0
late_L1_145.log,L1-compat,1,100,100,0,-1,1,2006,0,0
late_L1_146.log,L1-compat,1,100,100,0,-1,1,2003,0,0
late_L1_147.log,L1-compat,1,100,100,0,-1,1,2006,0,0
late_L1_148.log,L1-compat,1,100,100,0,-1,1,2004,0,0
late_L1_149.log,L1-compat,1,100,100,0,-1,1,2004,0,0
late_L1_15.log,L1-compat,1,100,100,0,-1,1,2004,0,0
late_L1_150.log,L1-compat,1,100,100,0,-1,1,2003,0,0
late_L1_151.log,L1-compat,1,100,100,0,-1,1,2002,0,0
late_L1_152.log,L1-compat,1,100,100,0,-1,1,2002,0,0
late_L1_153.log,L1-compat,1,100,100,0,-1,1,2006,0,0
late_L1_154.log,L1-compat,1,100,100,0,-1,1,2005,0,0
late_L1_155.log,L1-compat,1,100,100,0,-1,1,2006,0,0
late_L1_156.log,L1-compat,1,100,100,0,-1,1,2002,0,0
late_L1_157.log,L1-compat,1,100,100,0,-1,1,2004,0,0
late_L1_158.log,L1-compat,1,100,100,0,-1,1,2003,0,0
late_L1_159.log,L1-compat,1,100,100,0,-1,1,2002,0,0
late_L1_16.log,L1-compat,1,100,100,0,-1,1,2004,0,0
late_L1_160.log,L1-compat,1,100,100,0,-1,1,2004,0,0
late_L1_161.log,L1-compat,1,100,100,0,-1,1,2005,0,0
late_L1_162.log,L1-compat,1,100,100,0,-1,1,2004,0,0
late_L1_163.log,L1-compat,1,100,100,0,-1,1,2004,0,0
late_L1_164.log,L1-compat,1,100,100,0,-1,1,2002,0,0
late_L1_165.log,L1-compat,1,100,100,0,-1,1,2004,0,0
late_L1_166.log,L1-compat,1,100,100,0,-1,1,2003,0,0
late_L1_167.log,L1-compat,1,100,100,0,-1,1,2004,0,0
late_L1_168.log,L1-compat,1,100,100,0,-1,1,2003,0,0
late_L1_169.log,L1-compat,1,100,100,0,-1,1,2004,0,0
late_L1_17.log,L1-compat,1,100,100,0,-1,1,2003,0,0
late_L1_170.log,L1-compat,1,100,100,0,-1,1,2003,0,0
late_L1_171.log,L1-compat,1,100,100,0,-1,1,2003,0,0
late_L1_172.log,L1-compat,1,100,100,0,-1,1,2004,0,0
late_L1_173.log,L1-compat,1,100,100,0,-1,1,2002,0,0
late_L1_174.log,L1-compat,1,100,100,0,-1,1,2005,0,0
late_L1_175.log,L1-compat,1,100,100,0,-1,1,2003,0,0
late_L1_176.log,L1-compat,1,100,100,0,-1,1,2002,0,0
late_L1_177.log,L1-compat,1,100,100,0,-1,1,2002,0,0
late_L1_178.log,L1-compat,1,100,100,0,-1,1,2004,0,0
late_L1_179.log,L1-compat,1,100,100,0,-1,1,2002,0,0
late_L1_18.log,L1-compat,1,100,100,0,-1,1,2005,0,0
late_L1_180.log,L1-compat,1,100,100,0,-1,1,2003,0,0
late_L1_181.log,L1-compat,1,100,100,0,-1,1,2005,0,0
late_L1_182.log,L1-compat,1,100,100,0,-1,1,2006,0,0
late_L1_183.log,L1-compat,1,100,100,0,-1,1,2002,0,0
late_L1_184.log,L1-compat,1,100,100,0,-1,1,2003,0,0
late_L1_185.log,L1-compat,1,100,100,0,-1,1,2002,0,0
late_L1_186.log,L1-compat,1,100,100,0,-1,1,2005,0,0
late_L1_187.log,L1-compat,1,100,100,0,-1,1,2005,0,0
late_L1_188.log,L1-compat,1,100,100,0,-1,1,2003,0,0
late_L1_189.log,L1-compat,1,100,100,0,-1,1,2003,0,0
late_L1_19.log,L1-compat,1,100,100,0,-1,1,2005,0,0
late_L1_190.log,L1-compat,1,100,100,0,-1,1,2003,0,0
late_L1_191.log,L1-compat,1,100,100,0,-1,1,2002,0,0
late_L1_192.log,L1-compat,1,100,100,0,-1,1,2006,0,0
late_L1_193.log,L1-compat,1,100,100,0,-1,1,2002,0,0
late_L1_194.log,L1-compat,1,100,100,0,-1,1,2002,0,0
late_L1_195.log,L1-compat,1,100,100,0,-1,1,2003,0,0
late_L1_196.log,L1-compat,1,100,100,0,-1,1,2004,0,0
late_L1_197.log,L1-compat,1,100,100,0,-1,1,2003,0,0
late_L1_198.log,L1-compat,1,100,100,0,-1,1,2003,0,0
late_L1_199.log,L1-compat,1,100,100,0,-1,1,2006,0,0
late_L1_2.log,L1-compat,1,100,100,0,-1,1,2003,0,0
late_L1_20.log,L1-compat,1,100,100,0,-1,1,2002,0,0
late_L1_200.log,L1-compat,1,100,100,0,-1,1,2003,0,0
late_L1_21.log,L1-compat,1,100,100,0,-1,1,2005,0,0
late_L1_22.log,L1-compat,1,100,100,0,-1,1,2004,0,0
late_L1_23.log,L1-compat,1,100,100,0,-1,1,2006,0,0
late_L1_24.log,L1-compat,1,100,100,0,-1,1,2003,0,0
late_L1_25.log,L1-compat,1,100,100,0,-1,1,2006,0,0
late_L1_26.log,L1-compat,1,100,100,0,-1,1,2004,0,0
late_L1_27.log,L1-compat,1,100,100,0,-1,1,2003,0,0
late_L1_28.log,L1-compat,1,100,100,0,-1,1,2002,0,0
late_L1_29.log,L1-compat,1,100,100,0,-1,1,2003,0,0
late_L1_3.log,L1-compat,1,100,100,0,-1,1,2006,0,0
late_L1_30.log,L1-compat,1,100,100,0,-1,1,2002,0,0
late_L1_31.log,L1-compat,1,100,100,0,-1,1,2002,0,0
late_L1_32.log,L1-compat,1,100,100,0,-1,1,2003,0,0
late_L1_33.log,L1-compat,1,100,100,0,-1,1,2003,0,0
late_L1_34.log,L1-compat,1,100,100,0,-1,1,2006,0,0
late_L1_35.log,L1-compat,1,100,100,0,-1,1,2006,0,0
late_L1_36.log,L1-compat,1,100,100,0,-1,1,2003,0,0
late_L1_37.log,L1-compat,1,100,100,0,-1,1,2005,0,0
late_L1_38.log,L1-compat,1,100,100,0,-1,1,2005,0,0
late_L1_39.log,L1-compat,1,100,100,0,-1,1,2003,0,0
late_L1_4.log,L1-compat,1,100,100,0,-1,1,2003,0,0
late_L1_40.log,L1-compat,1,100,100,0,-1,1,2003,0,0
late_L1_41.log,L1-compat,1,100,100,0,-1,1,2002,0,0
late_L1_42.log,L1-compat,1,100,100,0,-1,1,2006,0,0
late_L1_43.log,L1-compat,1,100,100,0,-1,1,2006,0,0
late_L1_44.log,L1-compat,1,100,100,0,-1,1,2003,0,0
late_L1_45.log,L1-compat,1,100,100,0,-1,1,2006,0,0
late_L1_46.log,L1-compat,1,100,100,0,-1,1,2003,0,0
late_L1_47.log,L1-compat,1,100,100,0,-1,1,2005,0,0
late_L1_48.log,L1-compat,1,100,100,0,-1,1,2002,0,0
late_L1_49.log,L1-compat,1,100,100,0,-1,1,2006,0,0
late_L1_5.log,L1-compat,1,100,100,0,-1,1,2003,0,0
late_L1_50.log,L1-compat,1,100,100,0,-1,1,2003,0,0
late_L1_51.log,L1-compat,1,100,100,0,-1,1,2006,0,0
late_L1_52.log,L1-compat,1,100,100,0,-1,1,2005,0,0
late_L1_53.log,L1-compat,1,100,100,0,-1,1,2003,0,0
late_L1_54.log,L1-compat,1,100,100,0,-1,1,2006,0,0
late_L1_55.log,L1-compat,1,100,100,0,-1,1,2003,0,0
late_L1_56.log,L1-compat,1,100,100,0,-1,1,2003,0,0
late_L1_57.log,L1-compat,1,100,100,0,-1,1,2005,0,0
late_L1_58.log,L1-compat,1,100,100,0,-1,1,2003,0,0
late_L1_59.log,L1-compat,1,100,100,0,-1,1,2003,0,0
late_L1_6.log,L1-compat,1,100,100,0,-1,1,2003,0,0
late_L1_60.log,L1-compat,1,100,100,0,-1,1,2003,0,0
late_L1_61.log,L1-compat,1,100,100,0,-1,1,2003,0,0
late_L1_62.log,L1-compat,1,100,100,0,-1,1,2003,0,0
late_L1_63.log,L1-compat,1,100,100,0,-1,1,2004,0,0
late_L1_64.log,L1-compat,1,100,100,0,-1,1,2002,0,0
late_L1_65.log,L1-compat,1,100,100,0,-1,1,2003,0,0
late_L1_66.log,L1-compat,1,100,100,0,-1,1,2003,0,0
late_L1_67.log,L1-compat,1,100,100,0,-1,1,2002,0,0
late_L1_68.log,L1-compat,1,100,100,0,-1,1,2003,0,0
late_L1_69.log,L1-compat,1,100,100,0,-1,1,2002,0,0
late_L1_7.log,L1-compat,1,100,100,0,-1,1,2003,0,0
late_L1_70.log,L1-compat,1,100,100,0,-1,1,2005,0,0
late_L1_71.log,L1-compat,1,100,100,0,-1,1,2002,0,0
late_L1_72.log,L1-compat,1,100,100,0,-1,1,2003,0,0
late_L1_73.log,L1-compat,1,100,100,0,-1,1,2006,0,0
late_L1_74.log,L1-compat,1,100,100,0,-1,1,2006,0,0
late_L1_75.log,L1-compat,1,100,100,0,-1,1,2004,0,0
late_L1_76.log,L1-compat,1,100,100,0,-1,1,2005,0,0
late_L1_77.log,L1-compat,1,100,100,0,-1,1,2005,0,0
late_L1_78.log,L1-compat,1,100,100,0,-1,1,2006,0,0
late_L1_79.log,L1-compat,1,100,100,0,-1,1,2005,0,0
late_L1_8.log,L1-compat,1,100,100,0,-1,1,2003,0,0
late_L1_80.log,L1-compat,1,100,100,0,-1,1,2005,0,0
late_L1_81.log,L1-compat,1,100,100,0,-1,1,2006,0,0
late_L1_82.log,L1-compat,1,100,100,0,-1,1,2005,0,0
late_L1_83.log,L1-compat,1,100,100,0,-1,1,2003,0,0
late_L1_84.log,L1-compat,1,100,100,0,-1,1,2003,0,0
late_L1_85.log,L1-compat,1,100,100,0,-1,1,2002,0,0
late_L1_86.log,L1-compat,1,100,100,0,-1,1,2003,0,0
late_L1_87.log,L1-compat,1,100,100,0,-1,1,2005,0,0
late_L1_88.log,L1-compat,1,100,100,0,-1,1,2002,0,0
late_L1_89.log,L1-compat,1,100,100,0,-1,1,2002,0,0
late_L1_9.log,L1-compat,1,100,100,0,-1,1,2003,0,0
late_L1_90.log,L1-compat,1,100,100,0,-1,1,2003,0,0
late_L1_91.log,L1-compat,1,100,100,0,-1,1,2002,0,0
late_L1_92.log,L1-compat,1,100,100,0,-1,1,2004,0,0
late_L1_93.log,L1-compat,1,100,100,0,-1,1,2004,0,0
late_L1_94.log,L1-compat,1,100,100,0,-1,1,2002,0,0
late_L1_95.log,L1-compat,1,100,100,0,-1,1,2003,0,0
late_L1_96.log,L1-compat,1,100,100,0,-1,1,2003,0,0
late_L1_97.log,L1-compat,1,100,100,0,-1,1,2004,0,0
late_L1_98.log,L1-compat,1,100,100,0,-1,1,2005,0,0
late_L1_99.log,L1-compat,1,100,100,0,-1,1,2005,0,0
matrix_cc17_L1_1.log,L1-compat,1,100,100,0,-1,1,2002,0,0
matrix_cc17_L1_2.log,L1-compat,1,100,100,0,-1,1,2003,0,0
matrix_cc17_L1_3.log,L1-compat,1,100,100,0,-1,1,2002,0,0
matrix_cc1_L1_1.log,L1-compat,1,100,100,0,-1,1,2001,0,0
matrix_cc1_L1_2.log,L1-compat,1,100,100,0,-1,1,2002,0,0
matrix_cc1_L1_3.log,L1-compat,1,100,100,0,-1,1,2002,0,0
matrix_cc1_L1_4.log,L1-compat,1,100,100,0,-1,1,2003,0,0
matrix_cc1_L1_5.log,L1-compat,1,100,100,0,-1,1,2002,0,0
matrix_cc1_def_1.log,default-sched,1,100,100,0,-1,1,2100,0,0
matrix_cc1_def_2.log,default-sched,1,100,100,0,-1,1,2050,0,0
matrix_cc1_def_3.log,default-sched,1,100,100,0,-1,1,2100,0,0
matrix_cc2_L1_1.log,L1-compat,1,100,100,0,-1,1,2002,0,0
matrix_cc2_L1_2.log,L1-compat,1,100,100,0,-1,1,2002,0,0
matrix_cc2_L1_3.log,L1-compat,1,100,100,0,-1,1,2002,0,0
nocraft_DEF_1.log,default-sched,0,100,100,0,-1,0,-1,0,0
nocraft_DEF_10.log,default-sched,0,100,100,0,-1,0,-1,0,0
nocraft_DEF_11.log,default-sched,0,100,100,0,-1,0,-1,0,0
nocraft_DEF_12.log,default-sched,0,100,100,0,-1,0,-1,0,0
nocraft_DEF_13.log,default-sched,0,100,100,0,-1,0,-1,0,0
nocraft_DEF_14.log,default-sched,0,100,100,0,-1,0,-1,0,0
nocraft_DEF_15.log,default-sched,0,100,100,0,-1,0,-1,0,0
nocraft_DEF_16.log,default-sched,0,100,100,0,-1,0,-1,0,0
nocraft_DEF_17.log,default-sched,0,100,100,0,-1,0,-1,0,0
nocraft_DEF_18.log,default-sched,0,100,100,0,-1,0,-1,0,0
nocraft_DEF_19.log,default-sched,0,100,100,0,-1,0,-1,0,0
nocraft_DEF_2.log,default-sched,0,100,100,0,-1,0,-1,0,0
nocraft_DEF_20.log,default-sched,0,100,100,0,-1,0,-1,0,0
nocraft_DEF_21.log,default-sched,0,100,100,0,-1,0,-1,0,0
nocraft_DEF_22.log,default-sched,0,100,100,0,-1,0,-1,0,0
nocraft_DEF_23.log,default-sched,0,100,100,0,-1,0,-1,0,0
nocraft_DEF_24.log,default-sched,0,100,100,0,-1,0,-1,0,0
nocraft_DEF_25.log,default-sched,0,100,100,0,-1,0,-1,0,0
nocraft_DEF_26.log,default-sched,0,100,100,0,-1,0,-1,0,0
nocraft_DEF_27.log,default-sched,0,100,100,0,-1,0,-1,0,0
nocraft_DEF_28.log,default-sched,0,100,100,0,-1,0,-1,0,0
nocraft_DEF_29.log,default-sched,0,100,100,0,-1,0,-1,0,0
nocraft_DEF_3.log,default-sched,0,100,100,0,-1,0,-1,0,0
nocraft_DEF_30.log,default-sched,0,100,100,0,-1,0,-1,0,0
nocraft_DEF_31.log,default-sched,0,100,100,0,-1,0,-1,0,0
nocraft_DEF_32.log,default-sched,0,100,100,0,-1,0,-1,0,0
nocraft_DEF_33.log,default-sched,0,100,100,0,-1,0,-1,0,0
nocraft_DEF_34.log,default-sched,0,100,100,0,-1,0,-1,0,0
nocraft_DEF_35.log,default-sched,0,100,100,0,-1,0,-1,0,0
nocraft_DEF_36.log,default-sched,0,100,100,0,-1,0,-1,0,0
nocraft_DEF_37.log,default-sched,0,100,100,0,-1,0,-1,0,0
nocraft_DEF_38.log,default-sched,0,100,100,0,-1,0,-1,0,0
nocraft_DEF_39.log,default-sched,0,100,100,0,-1,0,-1,0,0
nocraft_DEF_4.log,default-sched,0,100,100,0,-1,0,-1,0,0
nocraft_DEF_40.log,default-sched,0,100,100,0,-1,0,-1,0,0
nocraft_DEF_5.log,default-sched,0,100,100,0,-1,0,-1,0,0
nocraft_DEF_6.log,default-sched,0,100,100,0,-1,0,-1,0,0
nocraft_DEF_7.log,default-sched,0,100,100,0,-1,0,-1,0,0
nocraft_DEF_8.log,default-sched,0,100,100,0,-1,0,-1,0,0
nocraft_DEF_9.log,default-sched,0,100,100,0,-1,0,-1,0,0
nocraft_L1_1.log,L1-compat,0,100,100,0,-1,0,-1,0,0
nocraft_L1_10.log,L1-compat,0,100,100,0,-1,0,-1,0,0
nocraft_L1_11.log,L1-compat,0,100,100,0,-1,0,-1,0,0
nocraft_L1_12.log,L1-compat,0,100,100,0,-1,0,-1,0,0
nocraft_L1_13.log,L1-compat,0,100,100,0,-1,0,-1,0,0
nocraft_L1_14.log,L1-compat,0,100,100,0,-1,0,-1,0,0
nocraft_L1_15.log,L1-compat,0,100,99,1,0,0,-1,1,0
nocraft_L1_16.log,L1-compat,0,100,100,0,-1,0,-1,0,0
nocraft_L1_17.log,L1-compat,0,100,100,0,-1,0,-1,0,0
nocraft_L1_18.log,L1-compat,0,100,100,0,-1,0,-1,0,0
nocraft_L1_19.log,L1-compat,0,100,100,0,-1,0,-1,0,0
nocraft_L1_2.log,L1-compat,0,100,99,1,0,0,-1,1,0
nocraft_L1_20.log,L1-compat,0,100,100,0,-1,0,-1,0,0
nocraft_L1_21.log,L1-compat,0,100,100,0,-1,0,-1,0,0
nocraft_L1_22.log,L1-compat,0,100,100,0,-1,0,-1,0,0
nocraft_L1_23.log,L1-compat,0,100,100,0,-1,0,-1,0,0
nocraft_L1_24.log,L1-compat,0,100,100,0,-1,0,-1,0,0
nocraft_L1_25.log,L1-compat,0,100,100,0,-1,0,-1,0,0
nocraft_L1_26.log,L1-compat,0,100,100,0,-1,0,-1,0,0
nocraft_L1_27.log,L1-compat,0,100,100,0,-1,0,-1,0,0
nocraft_L1_28.log,L1-compat,0,100,100,0,-1,0,-1,0,0
nocraft_L1_29.log,L1-compat,0,100,100,0,-1,0,-1,0,0
nocraft_L1_3.log,L1-compat,0,100,99,1,0,0,-1,1,0
nocraft_L1_30.log,L1-compat,0,100,100,0,-1,0,-1,0,0
nocraft_L1_31.log,L1-compat,0,100,100,0,-1,0,-1,0,0
nocraft_L1_32.log,L1-compat,0,100,99,1,0,0,-1,1,0
nocraft_L1_33.log,L1-compat,0,100,100,0,-1,0,-1,0,0
nocraft_L1_34.log,L1-compat,0,100,100,0,-1,0,-1,0,0
nocraft_L1_35.log,L1-compat,0,100,99,1,0,0,-1,1,0
nocraft_L1_36.log,L1-compat,0,100,100,0,-1,0,-1,0,0
nocraft_L1_37.log,L1-compat,0,100,100,0,-1,0,-1,0,0
nocraft_L1_38.log,L1-compat,0,100,100,0,-1,0,-1,0,0
nocraft_L1_39.log,L1-compat,0,100,100,0,-1,0,-1,0,0
nocraft_L1_4.log,L1-compat,0,100,100,0,-1,0,-1,0,0
nocraft_L1_40.log,L1-compat,0,100,100,0,-1,0,-1,0,0
nocraft_L1_41.log,L1-compat,0,100,100,0,-1,0,-1,0,0
nocraft_L1_42.log,L1-compat,0,100,100,0,-1,0,-1,0,0
nocraft_L1_43.log,L1-compat,0,100,100,0,-1,0,-1,0,0
nocraft_L1_44.log,L1-compat,0,100,100,0,-1,0,-1,0,0
nocraft_L1_45.log,L1-compat,0,100,100,0,-1,0,-1,0,0
nocraft_L1_46.log,L1-compat,0,100,100,0,-1,0,-1,0,0
nocraft_L1_47.log,L1-compat,0,100,100,0,-1,0,-1,0,0
nocraft_L1_48.log,L1-compat,0,100,99,1,0,0,-1,1,0
nocraft_L1_49.log,L1-compat,0,100,100,0,-1,0,-1,0,0
nocraft_L1_5.log,L1-compat,0,100,100,0,-1,0,-1,0,0
nocraft_L1_50.log,L1-compat,0,100,100,0,-1,0,-1,0,0
nocraft_L1_51.log,L1-compat,0,100,100,0,-1,0,-1,0,0
nocraft_L1_52.log,L1-compat,0,100,100,0,-1,0,-1,0,0
nocraft_L1_53.log,L1-compat,0,100,100,0,-1,0,-1,0,0
nocraft_L1_54.log,L1-compat,0,100,100,0,-1,0,-1,0,0
nocraft_L1_55.log,L1-compat,0,100,100,0,-1,0,-1,0,0
nocraft_L1_56.log,L1-compat,0,100,100,0,-1,0,-1,0,0
nocraft_L1_57.log,L1-compat,0,100,100,0,-1,0,-1,0,0
nocraft_L1_58.log,L1-compat,0,100,100,0,-1,0,-1,0,0
nocraft_L1_59.log,L1-compat,0,100,100,0,-1,0,-1,0,0
nocraft_L1_6.log,L1-compat,0,100,100,0,-1,0,-1,0,0
nocraft_L1_60.log,L1-compat,0,100,100,0,-1,0,-1,0,0
nocraft_L1_7.log,L1-compat,0,100,100,0,-1,0,-1,0,0
nocraft_L1_8.log,L1-compat,0,100,100,0,-1,0,-1,0,0
nocraft_L1_9.log,L1-compat,0,100,100,0,-1,0,-1,0,0
paired_10_craft0.log,L1-compat,0,100,100,0,-1,0,-1,0,0
paired_10_craft1.log,L1-compat,1,100,100,0,-1,1,2002,0,0
paired_11_craft0.log,L1-compat,0,100,100,0,-1,0,-1,0,0
paired_11_craft1.log,L1-compat,1,100,100,0,-1,1,2003,0,0
paired_12_craft0.log,L1-compat,0,100,100,0,-1,0,-1,0,0
paired_12_craft1.log,L1-compat,1,100,100,0,-1,1,2005,0,0
paired_13_craft0.log,L1-compat,0,100,100,0,-1,0,-1,0,0
paired_13_craft1.log,L1-compat,1,100,100,0,-1,1,2003,0,0
paired_14_craft0.log,L1-compat,0,100,100,0,-1,0,-1,0,0
paired_14_craft1.log,L1-compat,1,100,100,0,-1,1,2004,0,0
paired_15_craft0.log,L1-compat,0,100,100,0,-1,0,-1,0,0
paired_15_craft1.log,L1-compat,1,100,100,0,-1,1,2002,0,0
paired_16_craft0.log,L1-compat,0,100,100,0,-1,0,-1,0,0
paired_16_craft1.log,L1-compat,1,100,100,0,-1,1,2005,0,0
paired_17_craft0.log,L1-compat,0,100,100,0,-1,0,-1,0,0
paired_17_craft1.log,L1-compat,1,100,100,0,-1,1,2005,0,0
paired_18_craft0.log,L1-compat,0,100,100,0,-1,0,-1,0,0
paired_18_craft1.log,L1-compat,1,100,100,0,-1,1,2005,0,0
paired_19_craft0.log,L1-compat,0,100,100,0,-1,0,-1,0,0
paired_19_craft1.log,L1-compat,1,100,100,0,-1,1,2005,0,0
paired_1_craft0.log,L1-compat,0,100,99,1,0,0,-1,1,0
paired_1_craft1.log,L1-compat,1,100,100,0,-1,1,2005,0,0
paired_20_craft0.log,L1-compat,0,100,100,0,-1,0,-1,0,0
paired_20_craft1.log,L1-compat,1,100,100,0,-1,1,2003,0,0
paired_21_craft0.log,L1-compat,0,100,100,0,-1,0,-1,0,0
paired_21_craft1.log,L1-compat,1,100,100,0,-1,1,2003,0,0
paired_22_craft0.log,L1-compat,0,100,100,0,-1,0,-1,0,0
paired_22_craft1.log,L1-compat,1,100,100,0,-1,1,2003,0,0
paired_23_craft0.log,L1-compat,0,100,100,0,-1,0,-1,0,0
paired_23_craft1.log,L1-compat,1,100,100,0,-1,1,2003,0,0
paired_24_craft0.log,L1-compat,0,100,100,0,-1,0,-1,0,0
paired_24_craft1.log,L1-compat,1,100,100,0,-1,1,2002,0,0
paired_25_craft0.log,L1-compat,0,100,100,0,-1,0,-1,0,0
paired_25_craft1.log,L1-compat,1,100,100,0,-1,1,2005,0,0
paired_26_craft0.log,L1-compat,0,100,100,0,-1,0,-1,0,0
paired_26_craft1.log,L1-compat,1,100,100,0,-1,1,2005,0,0
paired_27_craft0.log,L1-compat,0,100,100,0,-1,0,-1,0,0
paired_27_craft1.log,L1-compat,1,100,100,0,-1,1,2004,0,0
paired_28_craft0.log,L1-compat,0,100,100,0,-1,0,-1,0,0
paired_28_craft1.log,L1-compat,1,100,100,0,-1,1,2004,0,0
paired_29_craft0.log,L1-compat,0,100,100,0,-1,0,-1,0,0
paired_29_craft1.log,L1-compat,1,100,100,0,-1,1,2003,0,0
paired_2_craft0.log,L1-compat,0,100,100,0,-1,0,-1,0,0
paired_2_craft1.log,L1-compat,1,100,100,0,-1,1,2004,0,0
paired_30_craft0.log,L1-compat,0,100,100,0,-1,0,-1,0,0
paired_30_craft1.log,L1-compat,1,100,100,0,-1,1,2003,0,0
paired_31_craft0.log,L1-compat,0,100,100,0,-1,0,-1,0,0
paired_31_craft1.log,L1-compat,1,100,100,0,-1,1,2002,0,0
paired_32_craft0.log,L1-compat,0,100,100,0,-1,0,-1,0,0
paired_32_craft1.log,L1-compat,1,100,100,0,-1,1,2005,0,0
paired_33_craft0.log,L1-compat,0,100,100,0,-1,0,-1,0,0
paired_33_craft1.log,L1-compat,1,100,100,0,-1,1,2005,0,0
paired_34_craft0.log,L1-compat,0,100,100,0,-1,0,-1,0,0
paired_34_craft1.log,L1-compat,1,100,100,0,-1,1,2002,0,0
paired_35_craft0.log,L1-compat,0,100,100,0,-1,0,-1,0,0
paired_35_craft1.log,L1-compat,1,100,100,0,-1,1,2005,0,0
paired_36_craft0.log,L1-compat,0,100,100,0,-1,0,-1,0,0
paired_36_craft1.log,L1-compat,1,100,100,0,-1,1,2004,0,0
paired_37_craft0.log,L1-compat,0,100,100,0,-1,0,-1,0,0
paired_37_craft1.log,L1-compat,1,100,100,0,-1,1,2003,0,0
paired_38_craft0.log,L1-compat,0,100,99,1,0,0,-1,1,0
paired_38_craft1.log,L1-compat,1,100,100,0,-1,1,2003,0,0
paired_39_craft0.log,L1-compat,0,100,100,0,-1,0,-1,0,0
paired_39_craft1.log,L1-compat,1,100,100,0,-1,1,2006,0,0
paired_3_craft0.log,L1-compat,0,100,100,0,-1,0,-1,0,0
paired_3_craft1.log,L1-compat,1,100,100,0,-1,1,2004,0,0
paired_40_craft0.log,L1-compat,0,100,100,0,-1,0,-1,0,0
paired_40_craft1.log,L1-compat,1,100,100,0,-1,1,2002,0,0
paired_41_craft0.log,L1-compat,0,100,100,0,-1,0,-1,0,0
paired_41_craft1.log,L1-compat,1,100,100,0,-1,1,2004,0,0
paired_42_craft0.log,L1-compat,0,100,100,0,-1,0,-1,0,0
paired_42_craft1.log,L1-compat,1,100,100,0,-1,1,2003,0,0
paired_43_craft0.log,L1-compat,0,100,100,0,-1,0,-1,0,0
paired_43_craft1.log,L1-compat,1,100,100,0,-1,1,2003,0,0
paired_44_craft0.log,L1-compat,0,100,100,0,-1,0,-1,0,0
paired_44_craft1.log,L1-compat,1,100,100,0,-1,1,2004,0,0
paired_45_craft0.log,L1-compat,0,100,100,0,-1,0,-1,0,0
paired_45_craft1.log,L1-compat,1,100,100,0,-1,1,2003,0,0
paired_46_craft0.log,L1-compat,0,100,100,0,-1,0,-1,0,0
paired_46_craft1.log,L1-compat,1,100,100,0,-1,1,2003,0,0
paired_47_craft0.log,L1-compat,0,100,100,0,-1,0,-1,0,0
paired_47_craft1.log,L1-compat,1,100,100,0,-1,1,2002,0,0
paired_48_craft0.log,L1-compat,0,100,100,0,-1,0,-1,0,0
paired_48_craft1.log,L1-compat,1,100,100,0,-1,1,2002,0,0
paired_49_craft0.log,L1-compat,0,100,100,0,-1,0,-1,0,0
paired_49_craft1.log,L1-compat,1,100,100,0,-1,1,2003,0,0
paired_4_craft0.log,L1-compat,0,100,100,0,-1,0,-1,0,0
paired_4_craft1.log,L1-compat,1,100,100,0,-1,1,2005,0,0
paired_50_craft0.log,L1-compat,0,100,100,0,-1,0,-1,0,0
paired_50_craft1.log,L1-compat,1,100,100,0,-1,1,2005,0,0
paired_51_craft0.log,L1-compat,0,100,100,0,-1,0,-1,0,0
paired_51_craft1.log,L1-compat,1,100,100,0,-1,1,2004,0,0
paired_52_craft0.log,L1-compat,0,100,100,0,-1,0,-1,0,0
paired_52_craft1.log,L1-compat,1,100,100,0,-1,1,2002,0,0
paired_53_craft0.log,L1-compat,0,100,100,0,-1,0,-1,0,0
paired_53_craft1.log,L1-compat,1,100,100,0,-1,1,2005,0,0
paired_54_craft0.log,L1-compat,0,100,100,0,-1,0,-1,0,0
paired_54_craft1.log,L1-compat,1,100,100,0,-1,1,2002,0,0
paired_55_craft0.log,L1-compat,0,100,100,0,-1,0,-1,0,0
paired_55_craft1.log,L1-compat,1,100,100,0,-1,1,2004,0,0
paired_56_craft0.log,L1-compat,0,100,100,0,-1,0,-1,0,0
paired_56_craft1.log,L1-compat,1,100,100,0,-1,1,2004,0,0
paired_57_craft0.log,L1-compat,0,100,100,0,-1,0,-1,0,0
paired_57_craft1.log,L1-compat,1,100,100,0,-1,1,2002,0,0
paired_58_craft0.log,L1-compat,0,100,99,1,0,0,-1,1,0
paired_58_craft1.log,L1-compat,1,100,100,0,-1,1,2002,0,0
paired_59_craft0.log,L1-compat,0,100,100,0,-1,0,-1,0,0
paired_59_craft1.log,L1-compat,1,100,100,0,-1,1,2003,0,0
paired_5_craft0.log,L1-compat,0,100,100,0,-1,0,-1,0,0
paired_5_craft1.log,L1-compat,1,100,100,0,-1,1,2003,0,0
paired_60_craft0.log,L1-compat,0,100,99,1,0,0,-1,1,0
paired_60_craft1.log,L1-compat,1,100,100,0,-1,1,2003,0,0
paired_6_craft0.log,L1-compat,0,100,100,0,-1,0,-1,0,0
paired_6_craft1.log,L1-compat,1,100,100,0,-1,1,2004,0,0
paired_7_craft0.log,L1-compat,0,100,100,0,-1,0,-1,0,0
paired_7_craft1.log,L1-compat,1,100,100,0,-1,1,2002,0,0
paired_8_craft0.log,L1-compat,0,100,100,0,-1,0,-1,0,0
paired_8_craft1.log,L1-compat,1,100,100,0,-1,1,2005,0,0
paired_9_craft0.log,L1-compat,0,100,100,0,-1,0,-1,0,0
paired_9_craft1.log,L1-compat,1,100,100,0,-1,1,2004,0,0
probe_L1_run1.log,L1-compat,1,400,400,0,-1,1,2004,0,0
probe_L1_run2.log,L1-compat,1,400,400,0,-1,1,2005,0,0
probe_L1_run3.log,L1-compat,1,400,400,0,-1,1,2003,0,0
probe_default_run1.log,default-sched,1,400,400,0,-1,1,2100,0,0
probe_default_run2.log,default-sched,1,400,400,0,-1,1,2050,0,0
probe_default_run3.log,default-sched,1,400,400,0,-1,1,2101,0,0
probe_nocraft_run1.log,default-sched,0,400,400,0,-1,0,-1,0,0
settle2_1.log,L1-compat,1,100,100,0,-1,1,2005,0,0
settle2_10.log,L1-compat,1,100,100,0,-1,1,2004,0,0
settle2_11.log,L1-compat,1,100,100,0,-1,1,2002,0,0
settle2_12.log,L1-compat,1,100,100,0,-1,1,2004,0,0
settle2_13.log,L1-compat,1,100,100,0,-1,1,2002,0,0
settle2_14.log,L1-compat,1,100,100,0,-1,1,2003,0,0
settle2_15.log,L1-compat,1,100,100,0,-1,1,2003,0,0
settle2_16.log,L1-compat,1,100,100,0,-1,1,2005,0,0
settle2_17.log,L1-compat,1,100,100,0,-1,1,2004,0,0
settle2_18.log,L1-compat,1,100,100,0,-1,1,2004,0,0
settle2_19.log,L1-compat,1,100,100,0,-1,1,2003,0,0
settle2_2.log,L1-compat,1,100,100,0,-1,1,2006,0,0
settle2_20.log,L1-compat,1,100,100,0,-1,1,2005,0,0
settle2_21.log,L1-compat,1,100,100,0,-1,1,2004,0,0
settle2_22.log,L1-compat,1,100,100,0,-1,1,2004,0,0
settle2_23.log,L1-compat,1,100,100,0,-1,1,2006,0,0
settle2_24.log,L1-compat,1,100,100,0,-1,1,2005,0,0
settle2_25.log,L1-compat,1,100,100,0,-1,1,2003,0,0
settle2_26.log,L1-compat,1,100,100,0,-1,1,2006,0,0
settle2_27.log,L1-compat,1,100,100,0,-1,1,2002,0,0
settle2_28.log,L1-compat,1,100,100,0,-1,1,2004,0,0
settle2_29.log,L1-compat,1,100,100,0,-1,1,2003,0,0
settle2_3.log,L1-compat,1,100,100,0,-1,1,2004,0,0
settle2_30.log,L1-compat,1,100,100,0,-1,1,2002,0,0
settle2_31.log,L1-compat,1,100,100,0,-1,1,2005,0,0
settle2_32.log,L1-compat,1,100,100,0,-1,1,2002,0,0
settle2_33.log,L1-compat,1,100,100,0,-1,1,2004,0,0
settle2_34.log,L1-compat,1,100,100,0,-1,1,2007,0,0
settle2_35.log,L1-compat,1,100,100,0,-1,1,2004,0,0
settle2_36.log,L1-compat,1,100,100,0,-1,1,2004,0,0
settle2_37.log,L1-compat,1,100,100,0,-1,1,2005,0,0
settle2_38.log,L1-compat,1,100,100,0,-1,1,2006,0,0
settle2_39.log,L1-compat,1,100,100,0,-1,1,2006,0,0
settle2_4.log,L1-compat,1,100,100,0,-1,1,2003,0,0
settle2_40.log,L1-compat,1,100,100,0,-1,1,2003,0,0
settle2_41.log,L1-compat,1,100,100,0,-1,1,2002,0,0
settle2_42.log,L1-compat,1,100,100,0,-1,1,2006,0,0
settle2_43.log,L1-compat,1,100,100,0,-1,1,2003,0,0
settle2_44.log,L1-compat,1,100,100,0,-1,1,2003,0,0
settle2_45.log,L1-compat,1,100,100,0,-1,1,2003,0,0
settle2_46.log,L1-compat,1,100,100,0,-1,1,2004,0,0
settle2_47.log,L1-compat,1,100,100,0,-1,1,2004,0,0
settle2_48.log,L1-compat,1,100,100,0,-1,1,2002,0,0
settle2_49.log,L1-compat,1,100,100,0,-1,1,2003,0,0
settle2_5.log,L1-compat,1,100,100,0,-1,1,2004,0,0
settle2_50.log,L1-compat,1,100,100,0,-1,1,2003,0,0
settle2_6.log,L1-compat,1,100,100,0,-1,1,2003,0,0
settle2_7.log,L1-compat,1,100,100,0,-1,1,2003,0,0
settle2_8.log,L1-compat,1,100,100,0,-1,1,2003,0,0
settle2_9.log,L1-compat,1,100,100,0,-1,1,2004,0,0
settle_L1_noset_1.log,L1-compat,1,100,100,0,-1,1,2002,0,0
settle_L1_noset_2.log,L1-compat,1,100,100,0,-1,1,2005,0,0
settle_L1_noset_3.log,L1-compat,1,100,100,0,-1,1,2006,0,0
settle_L1_set20_1.log,L1-compat,1,100,100,0,-1,1,2003,0,0
settle_L1_set20_2.log,L1-compat,1,100,100,0,-1,1,2002,0,0
settle_L1_set20_3.log,L1-compat,1,100,100,0,-1,1,2002,0,0
sv_noset_1.log,L1-compat,0,100,100,0,-1,0,-1,0,0
sv_noset_10.log,L1-compat,0,100,100,0,-1,0,-1,0,0
sv_noset_11.log,L1-compat,0,100,100,0,-1,0,-1,0,0
sv_noset_12.log,L1-compat,0,100,100,0,-1,0,-1,0,0
sv_noset_13.log,L1-compat,0,100,100,0,-1,0,-1,0,0
sv_noset_14.log,L1-compat,0,100,100,0,-1,0,-1,0,0
sv_noset_15.log,L1-compat,0,100,100,0,-1,0,-1,0,0
sv_noset_16.log,L1-compat,0,100,100,0,-1,0,-1,0,0
sv_noset_17.log,L1-compat,0,100,100,0,-1,0,-1,0,0
sv_noset_18.log,L1-compat,0,100,100,0,-1,0,-1,0,0
sv_noset_19.log,L1-compat,0,100,100,0,-1,0,-1,0,0
sv_noset_2.log,L1-compat,0,100,100,0,-1,0,-1,0,0
sv_noset_20.log,L1-compat,0,100,100,0,-1,0,-1,0,0
sv_noset_21.log,L1-compat,0,100,100,0,-1,0,-1,0,0
sv_noset_22.log,L1-compat,0,100,100,0,-1,0,-1,0,0
sv_noset_23.log,L1-compat,0,100,100,0,-1,0,-1,0,0
sv_noset_24.log,L1-compat,0,100,100,0,-1,0,-1,0,0
sv_noset_25.log,L1-compat,0,100,100,0,-1,0,-1,0,0
sv_noset_26.log,L1-compat,0,100,100,0,-1,0,-1,0,0
sv_noset_27.log,L1-compat,0,100,100,0,-1,0,-1,0,0
sv_noset_28.log,L1-compat,0,100,100,0,-1,0,-1,0,0
sv_noset_29.log,L1-compat,0,100,100,0,-1,0,-1,0,0
sv_noset_3.log,L1-compat,0,100,100,0,-1,0,-1,0,0
sv_noset_30.log,L1-compat,0,100,100,0,-1,0,-1,0,0
sv_noset_31.log,L1-compat,0,100,100,0,-1,0,-1,0,0
sv_noset_32.log,L1-compat,0,100,100,0,-1,0,-1,0,0
sv_noset_33.log,L1-compat,0,100,100,0,-1,0,-1,0,0
sv_noset_34.log,L1-compat,0,100,100,0,-1,0,-1,0,0
sv_noset_35.log,L1-compat,0,100,100,0,-1,0,-1,0,0
sv_noset_36.log,L1-compat,0,100,100,0,-1,0,-1,0,0
sv_noset_37.log,L1-compat,0,100,100,0,-1,0,-1,0,0
sv_noset_38.log,L1-compat,0,100,100,0,-1,0,-1,0,0
sv_noset_39.log,L1-compat,0,100,100,0,-1,0,-1,0,0
sv_noset_4.log,L1-compat,0,100,100,0,-1,0,-1,0,0
sv_noset_40.log,L1-compat,0,100,100,0,-1,0,-1,0,0
sv_noset_41.log,L1-compat,0,100,100,0,-1,0,-1,0,0
sv_noset_42.log,L1-compat,0,100,100,0,-1,0,-1,0,0
sv_noset_43.log,L1-compat,0,100,100,0,-1,0,-1,0,0
sv_noset_44.log,L1-compat,0,100,100,0,-1,0,-1,0,0
sv_noset_45.log,L1-compat,0,100,100,0,-1,0,-1,0,0
sv_noset_46.log,L1-compat,0,100,100,0,-1,0,-1,0,0
sv_noset_47.log,L1-compat,0,100,100,0,-1,0,-1,0,0
sv_noset_48.log,L1-compat,0,100,100,0,-1,0,-1,0,0
sv_noset_49.log,L1-compat,0,100,100,0,-1,0,-1,0,0
sv_noset_5.log,L1-compat,0,100,100,0,-1,0,-1,0,0
sv_noset_50.log,L1-compat,0,100,100,0,-1,0,-1,0,0
sv_noset_51.log,L1-compat,0,100,100,0,-1,0,-1,0,0
sv_noset_52.log,L1-compat,0,100,100,0,-1,0,-1,0,0
sv_noset_53.log,L1-compat,0,100,100,0,-1,0,-1,0,0
sv_noset_54.log,L1-compat,0,100,100,0,-1,0,-1,0,0
sv_noset_55.log,L1-compat,0,100,100,0,-1,0,-1,0,0
sv_noset_56.log,L1-compat,0,100,100,0,-1,0,-1,0,0
sv_noset_57.log,L1-compat,0,100,100,0,-1,0,-1,0,0
sv_noset_58.log,L1-compat,0,100,100,0,-1,0,-1,0,0
sv_noset_59.log,L1-compat,0,100,100,0,-1,0,-1,0,0
sv_noset_6.log,L1-compat,0,100,100,0,-1,0,-1,0,0
sv_noset_60.log,L1-compat,0,100,100,0,-1,0,-1,0,0
sv_noset_61.log,L1-compat,0,100,100,0,-1,0,-1,0,0
sv_noset_62.log,L1-compat,0,100,100,0,-1,0,-1,0,0
sv_noset_63.log,L1-compat,0,100,100,0,-1,0,-1,0,0
sv_noset_64.log,L1-compat,0,100,100,0,-1,0,-1,0,0
sv_noset_65.log,L1-compat,0,100,100,0,-1,0,-1,0,0
sv_noset_66.log,L1-compat,0,100,100,0,-1,0,-1,0,0
sv_noset_67.log,L1-compat,0,100,100,0,-1,0,-1,0,0
sv_noset_68.log,L1-compat,0,100,100,0,-1,0,-1,0,0
sv_noset_69.log,L1-compat,0,100,100,0,-1,0,-1,0,0
sv_noset_7.log,L1-compat,0,100,100,0,-1,0,-1,0,0
sv_noset_70.log,L1-compat,0,100,100,0,-1,0,-1,0,0
sv_noset_71.log,L1-compat,0,100,100,0,-1,0,-1,0,0
sv_noset_72.log,L1-compat,0,100,100,0,-1,0,-1,0,0
sv_noset_73.log,L1-compat,0,100,100,0,-1,0,-1,0,0
sv_noset_74.log,L1-compat,0,100,100,0,-1,0,-1,0,0
sv_noset_75.log,L1-compat,0,100,100,0,-1,0,-1,0,0
sv_noset_76.log,L1-compat,0,100,100,0,-1,0,-1,0,0
sv_noset_77.log,L1-compat,0,100,100,0,-1,0,-1,0,0
sv_noset_78.log,L1-compat,0,100,100,0,-1,0,-1,0,0
sv_noset_79.log,L1-compat,0,100,100,0,-1,0,-1,0,0
sv_noset_8.log,L1-compat,0,100,100,0,-1,0,-1,0,0
sv_noset_80.log,L1-compat,0,100,100,0,-1,0,-1,0,0
sv_noset_9.log,L1-compat,0,100,100,0,-1,0,-1,0,0
sv_set50_1.log,L1-compat,0,100,100,0,-1,0,-1,0,0
sv_set50_10.log,L1-compat,0,100,100,0,-1,0,-1,0,0
sv_set50_11.log,L1-compat,0,100,100,0,-1,0,-1,0,0
sv_set50_12.log,L1-compat,0,100,100,0,-1,0,-1,0,0
sv_set50_13.log,L1-compat,0,100,100,0,-1,0,-1,0,0
sv_set50_14.log,L1-compat,0,100,100,0,-1,0,-1,0,0
sv_set50_15.log,L1-compat,0,100,100,0,-1,0,-1,0,0
sv_set50_16.log,L1-compat,0,100,100,0,-1,0,-1,0,0
sv_set50_17.log,L1-compat,0,100,100,0,-1,0,-1,0,0
sv_set50_18.log,L1-compat,0,100,100,0,-1,0,-1,0,0
sv_set50_19.log,L1-compat,0,100,100,0,-1,0,-1,0,0
sv_set50_2.log,L1-compat,0,100,100,0,-1,0,-1,0,0
sv_set50_20.log,L1-compat,0,100,100,0,-1,0,-1,0,0
sv_set50_21.log,L1-compat,0,100,100,0,-1,0,-1,0,0
sv_set50_22.log,L1-compat,0,100,100,0,-1,0,-1,0,0
sv_set50_23.log,L1-compat,0,100,100,0,-1,0,-1,0,0
sv_set50_24.log,L1-compat,0,100,100,0,-1,0,-1,0,0
sv_set50_25.log,L1-compat,0,100,100,0,-1,0,-1,0,0
sv_set50_26.log,L1-compat,0,100,100,0,-1,0,-1,0,0
sv_set50_27.log,L1-compat,0,100,100,0,-1,0,-1,0,0
sv_set50_28.log,L1-compat,0,100,100,0,-1,0,-1,0,0
sv_set50_29.log,L1-compat,0,100,100,0,-1,0,-1,0,0
sv_set50_3.log,L1-compat,0,100,100,0,-1,0,-1,0,0
sv_set50_30.log,L1-compat,0,100,100,0,-1,0,-1,0,0
sv_set50_31.log,L1-compat,0,100,100,0,-1,0,-1,0,0
sv_set50_32.log,L1-compat,0,100,100,0,-1,0,-1,0,0
sv_set50_33.log,L1-compat,0,100,100,0,-1,0,-1,0,0
sv_set50_34.log,L1-compat,0,100,100,0,-1,0,-1,0,0
sv_set50_35.log,L1-compat,0,100,100,0,-1,0,-1,0,0
sv_set50_36.log,L1-compat,0,100,100,0,-1,0,-1,0,0
sv_set50_37.log,L1-compat,0,100,100,0,-1,0,-1,0,0
sv_set50_38.log,L1-compat,0,100,100,0,-1,0,-1,0,0
sv_set50_39.log,L1-compat,0,100,100,0,-1,0,-1,0,0
sv_set50_4.log,L1-compat,0,100,100,0,-1,0,-1,0,0
sv_set50_40.log,L1-compat,0,100,100,0,-1,0,-1,0,0
sv_set50_41.log,L1-compat,0,100,100,0,-1,0,-1,0,0
sv_set50_42.log,L1-compat,0,100,100,0,-1,0,-1,0,0
sv_set50_43.log,L1-compat,0,100,100,0,-1,0,-1,0,0
sv_set50_44.log,L1-compat,0,100,100,0,-1,0,-1,0,0
sv_set50_45.log,L1-compat,0,100,100,0,-1,0,-1,0,0
sv_set50_46.log,L1-compat,0,100,100,0,-1,0,-1,0,0
sv_set50_47.log,L1-compat,0,100,100,0,-1,0,-1,0,0
sv_set50_48.log,L1-compat,0,100,100,0,-1,0,-1,0,0
sv_set50_49.log,L1-compat,0,100,100,0,-1,0,-1,0,0
sv_set50_5.log,L1-compat,0,100,100,0,-1,0,-1,0,0
sv_set50_50.log,L1-compat,0,100,100,0,-1,0,-1,0,0
sv_set50_51.log,L1-compat,0,100,100,0,-1,0,-1,0,0
sv_set50_52.log,L1-compat,0,100,100,0,-1,0,-1,0,0
sv_set50_53.log,L1-compat,0,100,100,0,-1,0,-1,0,0
sv_set50_54.log,L1-compat,0,100,100,0,-1,0,-1,0,0
sv_set50_55.log,L1-compat,0,100,100,0,-1,0,-1,0,0
sv_set50_56.log,L1-compat,0,100,100,0,-1,0,-1,0,0
sv_set50_57.log,L1-compat,0,100,100,0,-1,0,-1,0,0
sv_set50_58.log,L1-compat,0,100,100,0,-1,0,-1,0,0
sv_set50_59.log,L1-compat,0,100,100,0,-1,0,-1,0,0
sv_set50_6.log,L1-compat,0,100,100,0,-1,0,-1,0,0
sv_set50_60.log,L1-compat,0,100,100,0,-1,0,-1,0,0
sv_set50_61.log,L1-compat,0,100,100,0,-1,0,-1,0,0
sv_set50_62.log,L1-compat,0,100,100,0,-1,0,-1,0,0
sv_set50_63.log,L1-compat,0,100,100,0,-1,0,-1,0,0
sv_set50_64.log,L1-compat,0,100,100,0,-1,0,-1,0,0
sv_set50_65.log,L1-compat,0,100,100,0,-1,0,-1,0,0
sv_set50_66.log,L1-compat,0,100,100,0,-1,0,-1,0,0
sv_set50_67.log,L1-compat,0,100,100,0,-1,0,-1,0,0
sv_set50_68.log,L1-compat,0,100,100,0,-1,0,-1,0,0
sv_set50_69.log,L1-compat,0,100,100,0,-1,0,-1,0,0
sv_set50_7.log,L1-compat,0,100,100,0,-1,0,-1,0,0
sv_set50_70.log,L1-compat,0,100,100,0,-1,0,-1,0,0
sv_set50_71.log,L1-compat,0,100,100,0,-1,0,-1,0,0
sv_set50_72.log,L1-compat,0,100,100,0,-1,0,-1,0,0
sv_set50_73.log,L1-compat,0,100,100,0,-1,0,-1,0,0
sv_set50_74.log,L1-compat,0,100,100,0,-1,0,-1,0,0
sv_set50_75.log,L1-compat,0,100,100,0,-1,0,-1,0,0
sv_set50_76.log,L1-compat,0,100,100,0,-1,0,-1,0,0
sv_set50_77.log,L1-compat,0,100,100,0,-1,0,-1,0,0
sv_set50_78.log,L1-compat,0,100,100,0,-1,0,-1,0,0
sv_set50_79.log,L1-compat,0,100,100,0,-1,0,-1,0,0
sv_set50_8.log,L1-compat,0,100,100,0,-1,0,-1,0,0
sv_set50_80.log,L1-compat,0,100,100,0,-1,0,-1,0,0
sv_set50_9.log,L1-compat,0,100,100,0,-1,0,-1,0,0
