group,idx,received,misses,first_miss_at,mismatch_total,rx_late,max_us,settle_ms,loadavg1
settle0,1,100,0,-1,0,0,1073,0,3.03
settle0,2,100,0,-1,0,0,1080,0,3.03
settle0,3,100,0,-1,0,0,1096,0,3.03
settle0,4,100,0,-1,0,0,1071,0,3.03
settle0,5,100,0,-1,0,0,1081,0,3.03
settle0,6,100,0,-1,0,0,1161,0,3.03
settle0,7,99,1,0,1,0,200514,0,3.03
settle0,8,100,0,-1,0,0,1180,0,3.03
settle0,9,100,0,-1,0,0,1070,0,3.03
settle0,10,100,0,-1,0,0,1077,0,3.03
settle0,11,100,0,-1,0,0,1199,0,3.03
settle0,12,100,0,-1,0,0,1103,0,3.03
settle0,13,100,0,-1,0,0,1078,0,3.03
settle0,14,100,0,-1,0,0,1108,0,3.03
settle0,15,100,0,-1,0,0,1067,0,3.03
settle0,16,100,0,-1,0,0,1153,0,3.03
settle0,17,100,0,-1,0,0,1223,0,3.03
settle0,18,100,0,-1,0,0,1072,0,3.03
settle0,19,100,0,-1,0,0,1128,0,3.03
settle0,20,100,0,-1,0,0,1070,0,3.03
settle0,21,100,0,-1,0,0,1125,0,3.03
settle0,22,100,0,-1,0,0,1066,0,3.03
settle0,23,100,0,-1,0,0,1061,0,3.03
settle0,24,100,0,-1,0,0,1067,0,3.03
settle0,25,100,0,-1,0,0,1085,0,3.03
settle0,26,100,0,-1,0,0,1064,0,3.03
settle0,27,100,0,-1,0,0,1072,0,3.03
settle0,28,100,0,-1,0,0,1078,0,3.03
settle0,29,100,0,-1,0,0,1068,0,3.03
settle0,30,100,0,-1,0,0,1073,0,3.03
settle0,31,100,0,-1,0,0,1117,0,3.03
settle0,32,100,0,-1,0,0,1075,0,3.03
settle0,33,100,0,-1,0,0,1070,0,3.03
settle0,34,100,0,-1,0,0,1078,0,3.03
settle0,35,100,0,-1,0,0,1090,0,3.03
settle0,36,99,1,0,1,0,200801,0,3.03
settle0,37,100,0,-1,0,0,1204,0,3.03
settle0,38,100,0,-1,0,0,1107,0,3.03
settle0,39,100,0,-1,0,0,1075,0,3.03
settle0,40,100,0,-1,0,0,1071,0,3.03
settle0,41,100,0,-1,0,0,1105,0,3.03
settle0,42,100,0,-1,0,0,1121,0,3.03
settle0,43,100,0,-1,0,0,1141,0,3.03
settle0,44,100,0,-1,0,0,1065,0,3.03
settle0,45,100,0,-1,0,0,1064,0,3.03
settle0,46,100,0,-1,0,0,1159,0,3.03
settle0,47,100,0,-1,0,0,1071,0,3.03
settle0,48,100,0,-1,0,0,1076,0,3.03
settle0,49,100,0,-1,0,0,1071,0,3.03
settle0,50,100,0,-1,0,0,1109,0,3.03
settle0,51,100,0,-1,0,0,1070,0,3.03
settle0,52,100,0,-1,0,0,1064,0,3.03
settle0,53,100,0,-1,0,0,1149,0,3.03
settle0,54,100,0,-1,0,0,1232,0,3.03
settle0,55,100,0,-1,0,0,1144,0,3.03
settle0,56,100,0,-1,0,0,1074,0,3.03
settle0,57,100,0,-1,0,0,1066,0,3.03
settle0,58,100,0,-1,0,0,1072,0,3.03
settle0,59,100,0,-1,0,0,1069,0,2.94
settle0,60,100,0,-1,0,0,1119,0,2.94
settle0,61,100,0,-1,0,0,1081,0,2.94
settle0,62,100,0,-1,0,0,1066,0,2.94
settle0,63,100,0,-1,0,0,1065,0,2.94
settle0,64,100,0,-1,0,0,1067,0,2.94
settle0,65,100,0,-1,0,0,1066,0,2.94
settle0,66,100,0,-1,0,0,1068,0,2.94
settle0,67,100,0,-1,0,0,1158,0,2.94
settle0,68,100,0,-1,0,0,1067,0,2.94
settle0,69,100,0,-1,0,0,1061,0,2.94
settle0,70,100,0,-1,0,0,1098,0,2.94
settle0,71,100,0,-1,0,0,1071,0,2.94
settle0,72,99,1,0,1,0,200141,0,2.94
settle0,73,100,0,-1,0,0,1137,0,2.94
settle0,74,100,0,-1,0,0,1068,0,2.94
settle0,75,100,0,-1,0,0,1066,0,2.94
settle0,76,100,0,-1,0,0,1067,0,2.94
settle0,77,100,0,-1,0,0,1073,0,2.94
settle0,78,100,0,-1,0,0,1066,0,2.94
settle0,79,100,0,-1,0,0,1069,0,2.94
settle0,80,100,0,-1,0,0,1067,0,2.94
settle0,81,100,0,-1,0,0,1067,0,2.94
settle0,82,100,0,-1,0,0,1083,0,2.94
settle0,83,100,0,-1,0,0,1073,0,2.94
settle0,84,100,0,-1,0,0,1079,0,2.94
settle0,85,100,0,-1,0,0,1066,0,2.94
settle0,86,100,0,-1,0,0,1070,0,2.95
settle0,87,100,0,-1,0,0,1084,0,2.95
settle0,88,100,0,-1,0,0,1065,0,2.95
settle0,89,99,1,0,1,0,200650,0,2.95
settle0,90,100,0,-1,0,0,1072,0,2.95
settle0,91,100,0,-1,0,0,1082,0,2.95
settle0,92,100,0,-1,0,0,1075,0,2.95
settle0,93,100,0,-1,0,0,1084,0,2.95
settle0,94,100,0,-1,0,0,1084,0,2.95
settle0,95,100,0,-1,0,0,1072,0,2.95
settle0,96,100,0,-1,0,0,1068,0,2.95
settle0,97,100,0,-1,0,0,1072,0,2.95
settle0,98,100,0,-1,0,0,1215,0,2.95
settle0,99,100,0,-1,0,0,1071,0,2.95
settle0,100,100,0,-1,0,0,1084,0,2.95
settle0,101,100,0,-1,0,0,1063,0,2.95
settle0,102,100,0,-1,0,0,1071,0,2.95
settle0,103,100,0,-1,0,0,1152,0,2.95
settle0,104,100,0,-1,0,0,1066,0,2.95
settle0,105,100,0,-1,0,0,1062,0,2.95
settle0,106,100,0,-1,0,0,1070,0,2.95
settle0,107,100,0,-1,0,0,1169,0,2.95
settle0,108,100,0,-1,0,0,1064,0,2.95
settle0,109,100,0,-1,0,0,1100,0,2.95
settle0,110,100,0,-1,0,0,1132,0,2.95
settle0,111,100,0,-1,0,0,1078,0,2.95
settle0,112,100,0,-1,0,0,1071,0,2.87
settle0,113,100,0,-1,0,0,1098,0,2.87
settle0,114,100,0,-1,0,0,1077,0,2.87
settle0,115,100,0,-1,0,0,1077,0,2.87
settle0,116,100,0,-1,0,0,1139,0,2.87
settle0,117,100,0,-1,0,0,1078,0,2.87
settle0,118,100,0,-1,0,0,1090,0,2.87
settle0,119,100,0,-1,0,0,1067,0,2.87
settle0,120,99,1,0,1,0,200622,0,2.87
settle0,121,100,0,-1,0,0,1066,0,2.87
settle0,122,100,0,-1,0,0,1080,0,2.87
settle0,123,100,0,-1,0,0,1074,0,2.87
settle0,124,100,0,-1,0,0,1070,0,2.87
settle0,125,100,0,-1,0,0,1077,0,2.87
settle0,126,100,0,-1,0,0,1224,0,2.87
settle0,127,100,0,-1,0,0,1066,0,2.87
settle0,128,100,0,-1,0,0,1144,0,2.87
settle0,129,99,1,0,1,0,200143,0,2.88
settle0,130,100,0,-1,0,0,1068,0,2.88
settle0,131,100,0,-1,0,0,1072,0,2.88
settle0,132,100,0,-1,0,0,1083,0,2.88
settle0,133,100,0,-1,0,0,1137,0,2.88
settle0,134,100,0,-1,0,0,1069,0,2.88
settle0,135,99,1,0,1,0,200083,0,2.88
settle0,136,100,0,-1,0,0,1183,0,2.88
settle0,137,100,0,-1,0,0,1108,0,2.88
settle0,138,100,0,-1,0,0,1076,0,2.88
settle0,139,99,1,0,1,0,200385,0,2.81
settle0,140,100,0,-1,0,0,1065,0,2.81
settle0,141,100,0,-1,0,0,1082,0,2.81
settle0,142,100,0,-1,0,0,1102,0,2.81
settle0,143,100,0,-1,0,0,1097,0,2.81
settle0,144,100,0,-1,0,0,1067,0,2.81
settle0,145,100,0,-1,0,0,1065,0,2.81
settle0,146,100,0,-1,0,0,1086,0,2.81
settle0,147,100,0,-1,0,0,1205,0,2.81
settle0,148,100,0,-1,0,0,1074,0,2.81
settle0,149,100,0,-1,0,0,1073,0,2.81
settle0,150,100,0,-1,0,0,1065,0,2.81
settle30,1,100,0,-1,0,0,1072,30,2.81
settle30,2,100,0,-1,0,0,1076,30,2.81
settle30,3,100,0,-1,0,0,1077,30,2.81
settle30,4,100,0,-1,0,0,1071,30,2.81
settle30,5,100,0,-1,0,0,1076,30,2.81
settle30,6,100,0,-1,0,0,1139,30,2.81
settle30,7,100,0,-1,0,0,1072,30,2.81
settle30,8,100,0,-1,0,0,1080,30,2.81
settle30,9,100,0,-1,0,0,1072,30,2.81
settle30,10,100,0,-1,0,0,1075,30,2.81
settle30,11,100,0,-1,0,0,1069,30,2.81
settle30,12,100,0,-1,0,0,1209,30,2.81
settle30,13,100,0,-1,0,0,1069,30,2.81
settle30,14,100,0,-1,0,0,1142,30,2.81
settle30,15,100,0,-1,0,0,1063,30,2.81
settle30,16,100,0,-1,0,0,1082,30,2.81
settle30,17,100,0,-1,0,0,1126,30,2.81
settle30,18,100,0,-1,0,0,1104,30,2.81
settle30,19,100,0,-1,0,0,1086,30,2.81
settle30,20,100,0,-1,0,0,1087,30,2.81
settle30,21,100,0,-1,0,0,1149,30,2.81
settle30,22,100,0,-1,0,0,1121,30,2.81
settle30,23,100,0,-1,0,0,1131,30,2.75
settle30,24,100,0,-1,0,0,1168,30,2.75
settle30,25,100,0,-1,0,0,1072,30,2.75
settle30,26,100,0,-1,0,0,1065,30,2.75
settle30,27,100,0,-1,0,0,1068,30,2.75
settle30,28,100,0,-1,0,0,1069,30,2.75
settle30,29,100,0,-1,0,0,1070,30,2.75
settle30,30,100,0,-1,0,0,1068,30,2.75
settle30,31,100,0,-1,0,0,1069,30,2.75
settle30,32,100,0,-1,0,0,1128,30,2.75
settle30,33,100,0,-1,0,0,1159,30,2.75
settle30,34,100,0,-1,0,0,1075,30,2.75
settle30,35,100,0,-1,0,0,1088,30,2.75
settle30,36,100,0,-1,0,0,1064,30,2.75
settle30,37,100,0,-1,0,0,1067,30,2.75
settle30,38,100,0,-1,0,0,1071,30,2.75
settle30,39,100,0,-1,0,0,1070,30,2.75
settle30,40,100,0,-1,0,0,1078,30,2.75
settle30,41,100,0,-1,0,0,1066,30,2.75
settle30,42,100,0,-1,0,0,1066,30,2.75
settle30,43,100,0,-1,0,0,1118,30,2.75
settle30,44,100,0,-1,0,0,1074,30,2.75
settle30,45,100,0,-1,0,0,1180,30,2.75
settle30,46,100,0,-1,0,0,1073,30,2.75
settle30,47,100,0,-1,0,0,1127,30,2.75
settle30,48,100,0,-1,0,0,1076,30,2.75
settle30,49,100,0,-1,0,0,1069,30,2.75
settle30,50,100,0,-1,0,0,1092,30,2.75
settle30,51,100,0,-1,0,0,1068,30,2.75
settle30,52,100,0,-1,0,0,1170,30,2.75
settle30,53,100,0,-1,0,0,1065,30,2.75
settle30,54,100,0,-1,0,0,1073,30,2.75
settle30,55,100,0,-1,0,0,1072,30,2.85
settle30,56,100,0,-1,0,0,1068,30,2.85
settle30,57,100,0,-1,0,0,1089,30,2.85
settle30,58,100,0,-1,0,0,1073,30,2.85
settle30,59,100,0,-1,0,0,1081,30,2.85
settle30,60,100,0,-1,0,0,1241,30,2.85
settle30,61,100,0,-1,0,0,1065,30,2.85
settle30,62,100,0,-1,0,0,1065,30,2.85
settle30,63,100,0,-1,0,0,1065,30,2.85
settle30,64,100,0,-1,0,0,1065,30,2.85
settle30,65,100,0,-1,0,0,1084,30,2.85
settle30,66,100,0,-1,0,0,1083,30,2.85
settle30,67,100,0,-1,0,0,1064,30,2.85
settle30,68,100,0,-1,0,0,1078,30,2.85
settle30,69,100,0,-1,0,0,1081,30,2.85
settle30,70,100,0,-1,0,0,1064,30,2.85
settle30,71,100,0,-1,0,0,1066,30,2.85
settle30,72,100,0,-1,0,0,1190,30,2.85
settle30,73,100,0,-1,0,0,1073,30,2.85
settle30,74,100,0,-1,0,0,1086,30,2.85
settle30,75,100,0,-1,0,0,1076,30,2.85
settle30,76,100,0,-1,0,0,1072,30,2.85
settle30,77,100,0,-1,0,0,1072,30,2.85
settle30,78,100,0,-1,0,0,1071,30,2.85
settle30,79,100,0,-1,0,0,1130,30,2.85
settle30,80,100,0,-1,0,0,1074,30,2.85
settle30,81,100,0,-1,0,0,1185,30,2.85
settle30,82,100,0,-1,0,0,1071,30,2.85
settle30,83,100,0,-1,0,0,1066,30,2.85
settle30,84,100,0,-1,0,0,1073,30,2.85
settle30,85,100,0,-1,0,0,1101,30,2.85
settle30,86,100,0,-1,0,0,1073,30,2.85
settle30,87,100,0,-1,0,0,1066,30,2.85
settle30,88,100,0,-1,0,0,1079,30,2.94
settle30,89,100,0,-1,0,0,1074,30,2.94
settle30,90,100,0,-1,0,0,1064,30,2.94
settle30,91,100,0,-1,0,0,1069,30,2.94
settle30,92,100,0,-1,0,0,1068,30,2.94
settle30,93,100,0,-1,0,0,1070,30,2.94
settle30,94,100,0,-1,0,0,1071,30,2.94
settle30,95,100,0,-1,0,0,1075,30,2.94
settle30,96,100,0,-1,0,0,1070,30,2.94
settle30,97,100,0,-1,0,0,1066,30,2.94
settle30,98,100,0,-1,0,0,1243,30,2.94
settle30,99,100,0,-1,0,0,1074,30,2.94
settle30,100,100,0,-1,0,0,1063,30,2.94
settle30,101,100,0,-1,0,0,1064,30,2.94
settle30,102,100,0,-1,0,0,1066,30,2.94
settle30,103,100,0,-1,0,0,1073,30,2.94
settle30,104,100,0,-1,0,0,1073,30,2.94
settle30,105,100,0,-1,0,0,1129,30,2.94
settle30,106,100,0,-1,0,0,1159,30,2.94
settle30,107,100,0,-1,0,0,1073,30,2.94
settle30,108,100,0,-1,0,0,1177,30,2.94
settle30,109,100,0,-1,0,0,1067,30,2.94
settle30,110,100,0,-1,0,0,1117,30,2.94
settle30,111,100,0,-1,0,0,1165,30,2.94
settle30,112,100,0,-1,0,0,1065,30,2.94
settle30,113,100,0,-1,0,0,1071,30,2.94
settle30,114,100,0,-1,0,0,1066,30,2.94
settle30,115,100,0,-1,0,0,1064,30,2.94
settle30,116,100,0,-1,0,0,1080,30,2.94
settle30,117,100,0,-1,0,0,1114,30,2.94
settle30,118,100,0,-1,0,0,1076,30,2.94
settle30,119,100,0,-1,0,0,1145,30,2.94
settle30,120,100,0,-1,0,0,1078,30,3.11
settle30,121,100,0,-1,0,0,1095,30,3.11
settle30,122,100,0,-1,0,0,1081,30,3.11
settle30,123,100,0,-1,0,0,1074,30,3.11
settle30,124,100,0,-1,0,0,1066,30,3.11
settle30,125,100,0,-1,0,0,1070,30,3.11
settle30,126,100,0,-1,0,0,1067,30,3.11
settle30,127,100,0,-1,0,0,1128,30,3.11
settle30,128,100,0,-1,0,0,1074,30,3.11
settle30,129,100,0,-1,0,0,1072,30,3.11
settle30,130,100,0,-1,0,0,1064,30,3.11
settle30,131,100,0,-1,0,0,1123,30,3.11
settle30,132,100,0,-1,0,0,1073,30,3.11
settle30,133,100,0,-1,0,0,1093,30,3.11
settle30,134,100,0,-1,0,0,1072,30,3.11
settle30,135,100,0,-1,0,0,1136,30,3.11
settle30,136,100,0,-1,0,0,1232,30,3.11
settle30,137,100,0,-1,0,0,1067,30,3.11
settle30,138,100,0,-1,0,0,1150,30,3.11
settle30,139,100,0,-1,0,0,1082,30,3.11
settle30,140,100,0,-1,0,0,1079,30,3.11
settle30,141,100,0,-1,0,0,1085,30,3.11
settle30,142,100,0,-1,0,0,1107,30,3.11
settle30,143,100,0,-1,0,0,1081,30,3.11
settle30,144,100,0,-1,0,0,1072,30,3.11
settle30,145,100,0,-1,0,0,1083,30,3.11
settle30,146,100,0,-1,0,0,1066,30,3.11
settle30,147,100,0,-1,0,0,1136,30,3.11
settle30,148,100,0,-1,0,0,1082,30,3.11
settle30,149,100,0,-1,0,0,1161,30,3.11
settle30,150,100,0,-1,0,0,1142,30,3.11
