group,idx,arm,craft,rc,received,misses,first_miss_at,c1_reaped,reap_ms,rx_late,mismatch_total,loadavg1
L1_400,1,L1,craft,0,400,0,-1,1,2002,0,0,2.84
L1_400,2,L1,craft,0,400,0,-1,1,2004,0,0,2.77
L1_400,3,L1,craft,0,400,0,-1,1,2006,0,0,2.77
L1_400,4,L1,craft,0,400,0,-1,1,2003,0,0,2.71
L1_400,5,L1,craft,0,400,0,-1,1,2002,0,0,2.71
L1_400,6,L1,craft,0,400,0,-1,1,2003,0,0,2.89
L1_400,7,L1,craft,0,400,0,-1,1,2004,0,0,2.89
L1_400,8,L1,craft,0,400,0,-1,1,2005,0,0,2.82
L1_400,9,L1,craft,0,400,0,-1,1,2003,0,0,2.82
L1_400,10,L1,craft,0,400,0,-1,1,2003,0,0,2.83
L1_400,11,L1,craft,0,400,0,-1,1,2002,0,0,2.83
L1_400,12,L1,craft,0,400,0,-1,1,2003,0,0,2.77
L1_400,13,L1,craft,0,400,0,-1,1,2003,0,0,2.77
L1_400,14,L1,craft,0,400,0,-1,1,2005,0,0,2.71
L1_400,15,L1,craft,0,400,0,-1,1,2004,0,0,2.71
L1_400,16,L1,craft,0,400,0,-1,1,2002,0,0,2.65
L1_400,17,L1,craft,0,400,0,-1,1,2006,0,0,2.65
L1_400,18,L1,craft,0,400,0,-1,1,2003,0,0,2.60
L1_400,19,L1,craft,0,400,0,-1,1,2004,0,0,2.60
L1_400,20,L1,craft,0,400,0,-1,1,2003,0,0,2.60
DEF_400,1,DEF,craft,0,400,0,-1,1,2100,0,0,2.63
DEF_400,2,DEF,craft,0,400,0,-1,1,2100,0,0,2.63
DEF_400,3,DEF,craft,0,400,0,-1,1,2050,0,0,4.02
DEF_400,4,DEF,craft,0,400,0,-1,1,2050,0,0,4.02
DEF_400,5,DEF,craft,0,400,0,-1,1,2100,0,0,4.10
DEF_400,6,DEF,craft,0,400,0,-1,1,2100,0,0,4.01
DEF_400,7,DEF,craft,0,400,0,-1,1,2100,0,0,4.01
DEF_400,8,DEF,craft,0,400,0,-1,1,2050,0,0,3.85
DEF_400,9,DEF,craft,0,400,0,-1,1,2051,0,0,3.85
DEF_400,10,DEF,craft,0,400,0,-1,1,2050,0,0,3.86
L1_400_load,1,L1,craft,0,400,0,-1,1,2003,0,0,3.86
L1_400_load,2,L1,craft,0,400,0,-1,1,2002,0,0,6.36
L1_400_load,3,L1,craft,0,400,0,-1,1,2007,0,0,6.36
L1_400_load,4,L1,craft,0,400,0,-1,1,2004,0,0,6.36
L1_400_load,5,L1,craft,0,400,0,-1,1,2002,0,0,8.65
L1_400_load,6,L1,craft,0,400,0,-1,1,2002,0,0,8.65
L1_400_load,7,L1,craft,0,400,0,-1,1,2002,0,0,10.92
L1_400_load,8,L1,craft,0,400,0,-1,1,2008,0,0,10.92
L1_400_load,9,L1,craft,0,400,0,-1,1,2006,0,0,12.77
L1_400_load,10,L1,craft,0,400,0,-1,1,2002,0,0,12.77
L1_400_nocraft_load,1,L1,nocraft,0,400,0,-1,0,-1,0,0,12.77
L1_400_nocraft_load,2,L1,nocraft,0,400,0,-1,0,-1,0,0,12.77
L1_400_nocraft_load,3,L1,nocraft,0,400,0,-1,0,-1,0,0,12.77
L1_400_nocraft_load,4,L1,nocraft,0,400,0,-1,0,-1,0,0,14.47
L1_400_nocraft_load,5,L1,nocraft,0,400,0,-1,0,-1,0,0,14.47
L1_400_nocraft_load,6,L1,nocraft,0,400,0,-1,0,-1,0,0,14.47
L1_400_nocraft_load,7,L1,nocraft,0,400,0,-1,0,-1,0,0,14.47
L1_400_nocraft_load,8,L1,nocraft,0,400,0,-1,0,-1,0,0,14.47
L1_400_nocraft_load,9,L1,nocraft,0,400,0,-1,0,-1,0,0,14.47
L1_400_nocraft_load,10,L1,nocraft,0,400,0,-1,0,-1,0,0,14.47
