arm,idx,received,misses,mismatch,first_miss_at,max_us,mean_us,loadavg1
L1,1,1,0,0,-1,1054,1054,2.79
L1,2,1,0,0,-1,1055,1055,2.79
L1,3,1,0,0,-1,1053,1053,2.79
L1,4,1,0,0,-1,1055,1055,2.79
L1,5,1,0,0,-1,1056,1056,2.79
L1,6,1,0,0,-1,1055,1055,2.79
L1,7,1,0,0,-1,1053,1053,2.79
L1,8,1,0,0,-1,1056,1056,2.79
L1,9,1,0,0,-1,1055,1055,2.79
L1,10,1,0,0,-1,1065,1065,2.79
L1,11,1,0,0,-1,1056,1056,2.79
L1,12,1,0,0,-1,1057,1057,2.79
L1,13,1,0,0,-1,1055,1055,2.79
L1,14,1,0,0,-1,1056,1056,2.79
L1,15,1,0,0,-1,1055,1055,2.79
L1,16,1,0,0,-1,1055,1055,2.79
L1,17,1,0,0,-1,1065,1065,2.79
L1,18,1,0,0,-1,1070,1070,2.79
L1,19,1,0,0,-1,1056,1056,2.79
L1,20,1,0,0,-1,1056,1056,2.79
L1,21,1,0,0,-1,1066,1066,2.79
L1,22,1,0,0,-1,1055,1055,2.79
L1,23,1,0,0,-1,1055,1055,2.79
L1,24,1,0,0,-1,1053,1053,2.79
L1,25,1,0,0,-1,1055,1055,2.79
L1,26,1,0,0,-1,1071,1071,2.79
L1,27,1,0,0,-1,1056,1056,2.79
L1,28,1,0,0,-1,1053,1053,2.79
L1,29,1,0,0,-1,1057,1057,2.79
L1,30,1,0,0,-1,1074,1074,2.79
L1,31,1,0,0,-1,1055,1055,2.79
L1,32,1,0,0,-1,1055,1055,2.79
L1,33,1,0,0,-1,1029,1029,2.79
L1,34,1,0,0,-1,1065,1065,2.79
L1,35,1,0,0,-1,1053,1053,2.79
L1,36,1,0,0,-1,1056,1056,2.79
L1,37,1,0,0,-1,1055,1055,2.79
L1,38,1,0,0,-1,1062,1062,2.79
L1,39,1,0,0,-1,1055,1055,2.79
L1,40,1,0,0,-1,1073,1073,2.79
L1,41,0,1,0,0,200087,200087,3.13
L1,42,1,0,0,-1,1056,1056,3.13
L1,43,1,0,0,-1,1065,1065,3.13
L1,44,1,0,0,-1,1056,1056,3.13
L1,45,1,0,0,-1,1055,1055,3.13
L1,46,1,0,0,-1,1055,1055,3.13
L1,47,1,0,0,-1,1053,1053,3.13
L1,48,1,0,0,-1,1055,1055,3.13
L1,49,1,0,0,-1,1052,1052,3.13
L1,50,1,0,0,-1,1055,1055,3.13
L1,51,1,0,0,-1,1071,1071,3.13
L1,52,1,0,0,-1,1055,1055,3.13
L1,53,1,0,0,-1,2109,2109,3.13
L1,54,1,0,0,-1,1064,1064,3.13
L1,55,1,0,0,-1,1054,1054,3.13
L1,56,0,1,0,0,200061,200061,3.13
L1,57,1,0,0,-1,1072,1072,3.13
L1,58,1,0,0,-1,1055,1055,3.13
L1,59,1,0,0,-1,1072,1072,3.13
L1,60,1,0,0,-1,1055,1055,3.13
DEF,1,1,0,0,-1,1055,1055,3.13
DEF,2,1,0,0,-1,1064,1064,3.13
DEF,3,1,0,0,-1,1056,1056,3.13
DEF,4,1,0,0,-1,1070,1070,3.13
DEF,5,1,0,0,-1,1056,1056,3.13
DEF,6,1,0,0,-1,1055,1055,3.13
DEF,7,1,0,0,-1,1057,1057,3.13
DEF,8,1,0,0,-1,1064,1064,3.13
DEF,9,1,0,0,-1,1053,1053,3.13
DEF,10,1,0,0,-1,1053,1053,3.13
DEF,11,1,0,0,-1,1055,1055,3.13
DEF,12,1,0,0,-1,1064,1064,3.13
DEF,13,1,0,0,-1,1064,1064,3.13
DEF,14,1,0,0,-1,1056,1056,3.13
DEF,15,1,0,0,-1,1056,1056,3.13
DEF,16,1,0,0,-1,1065,1065,3.13
DEF,17,1,0,0,-1,1057,1057,3.13
DEF,18,1,0,0,-1,1055,1055,3.13
DEF,19,1,0,0,-1,1053,1053,3.13
DEF,20,1,0,0,-1,1053,1053,3.13
DEF,21,1,0,0,-1,1055,1055,3.13
DEF,22,1,0,0,-1,1056,1056,3.13
DEF,23,1,0,0,-1,1053,1053,3.13
DEF,24,1,0,0,-1,1053,1053,3.13
DEF,25,1,0,0,-1,1056,1056,3.13
DEF,26,1,0,0,-1,1064,1064,3.13
DEF,27,1,0,0,-1,1057,1057,3.13
DEF,28,1,0,0,-1,1053,1053,3.13
DEF,29,1,0,0,-1,1056,1056,3.13
DEF,30,1,0,0,-1,1033,1033,3.13
DEF,31,1,0,0,-1,1056,1056,3.13
DEF,32,1,0,0,-1,1055,1055,3.13
DEF,33,1,0,0,-1,1055,1055,3.13
DEF,34,1,0,0,-1,1053,1053,3.13
DEF,35,1,0,0,-1,1055,1055,3.13
DEF,36,1,0,0,-1,1055,1055,3.13
DEF,37,1,0,0,-1,1055,1055,3.13
DEF,38,1,0,0,-1,1056,1056,3.13
DEF,39,1,0,0,-1,1056,1056,3.13
DEF,40,1,0,0,-1,1055,1055,3.13
DEF,41,1,0,0,-1,1053,1053,3.13
DEF,42,1,0,0,-1,1053,1053,3.13
DEF,43,1,0,0,-1,1055,1055,3.13
DEF,44,1,0,0,-1,1056,1056,3.13
DEF,45,1,0,0,-1,1053,1053,3.13
DEF,46,1,0,0,-1,1055,1055,3.13
DEF,47,1,0,0,-1,1055,1055,3.13
DEF,48,1,0,0,-1,1049,1049,3.13
DEF,49,1,0,0,-1,1056,1056,3.13
DEF,50,1,0,0,-1,1053,1053,3.13
DEF,51,1,0,0,-1,1055,1055,3.13
DEF,52,1,0,0,-1,1026,1026,3.13
DEF,53,1,0,0,-1,1055,1055,3.13
DEF,54,1,0,0,-1,1056,1056,3.13
DEF,55,1,0,0,-1,1053,1053,3.13
DEF,56,1,0,0,-1,1053,1053,3.13
DEF,57,1,0,0,-1,1053,1053,3.13
DEF,58,1,0,0,-1,1056,1056,3.13
DEF,59,1,0,0,-1,1051,1051,3.13
DEF,60,1,0,0,-1,1055,1055,3.13
