arm,idx,rc,n,received,misses,first_miss_at,c1_reaped,reap_ms,rx_late,late_max_ms,mismatch_total,first_mismatch_at,wait_ms,late_ms,mean_us
L1,1,0,100,100,0,-1,1,2004,0,0,0,-1,200,1500,1053
L1,2,0,100,100,0,-1,1,2003,0,0,0,-1,200,1500,1053
L1,3,0,100,100,0,-1,1,2006,0,0,0,-1,200,1500,1052
L1,4,0,100,100,0,-1,1,2003,0,0,0,-1,200,1500,1052
L1,5,0,100,100,0,-1,1,2003,0,0,0,-1,200,1500,1052
L1,6,0,100,100,0,-1,1,2003,0,0,0,-1,200,1500,1041
L1,7,0,100,100,0,-1,1,2003,0,0,0,-1,200,1500,1054
L1,8,0,100,100,0,-1,1,2003,0,0,0,-1,200,1500,1033
L1,9,0,100,100,0,-1,1,2003,0,0,0,-1,200,1500,1043
L1,10,0,100,100,0,-1,1,2003,0,0,0,-1,200,1500,1054
L1,11,0,100,100,0,-1,1,2003,0,0,0,-1,200,1500,1042
L1,12,0,100,100,0,-1,1,2006,0,0,0,-1,200,1500,1054
L1,13,0,100,100,0,-1,1,2002,0,0,0,-1,200,1500,1054
L1,14,0,100,100,0,-1,1,2002,0,0,0,-1,200,1500,1054
L1,15,0,100,100,0,-1,1,2004,0,0,0,-1,200,1500,1053
L1,16,0,100,100,0,-1,1,2004,0,0,0,-1,200,1500,1056
L1,17,0,100,100,0,-1,1,2003,0,0,0,-1,200,1500,1052
L1,18,0,100,100,0,-1,1,2005,0,0,0,-1,200,1500,1055
L1,19,0,100,100,0,-1,1,2005,0,0,0,-1,200,1500,1053
L1,20,0,100,100,0,-1,1,2002,0,0,0,-1,200,1500,1053
L1,21,0,100,100,0,-1,1,2005,0,0,0,-1,200,1500,1053
L1,22,0,100,100,0,-1,1,2004,0,0,0,-1,200,1500,1052
L1,23,0,100,100,0,-1,1,2006,0,0,0,-1,200,1500,1052
L1,24,0,100,100,0,-1,1,2003,0,0,0,-1,200,1500,1052
L1,25,0,100,100,0,-1,1,2006,0,0,0,-1,200,1500,1043
L1,26,0,100,100,0,-1,1,2004,0,0,0,-1,200,1500,1057
L1,27,0,100,100,0,-1,1,2003,0,0,0,-1,200,1500,1054
L1,28,0,100,100,0,-1,1,2002,0,0,0,-1,200,1500,1042
L1,29,0,100,100,0,-1,1,2003,0,0,0,-1,200,1500,1053
L1,30,0,100,100,0,-1,1,2002,0,0,0,-1,200,1500,1053
L1,31,0,100,100,0,-1,1,2002,0,0,0,-1,200,1500,1054
L1,32,0,100,100,0,-1,1,2003,0,0,0,-1,200,1500,1053
L1,33,0,100,100,0,-1,1,2003,0,0,0,-1,200,1500,1053
L1,34,0,100,100,0,-1,1,2006,0,0,0,-1,200,1500,1044
L1,35,0,100,100,0,-1,1,2006,0,0,0,-1,200,1500,1054
L1,36,0,100,100,0,-1,1,2003,0,0,0,-1,200,1500,1053
L1,37,0,100,100,0,-1,1,2005,0,0,0,-1,200,1500,1054
L1,38,0,100,100,0,-1,1,2005,0,0,0,-1,200,1500,1054
L1,39,0,100,100,0,-1,1,2003,0,0,0,-1,200,1500,1053
L1,40,0,100,100,0,-1,1,2003,0,0,0,-1,200,1500,1056
L1,41,0,100,100,0,-1,1,2002,0,0,0,-1,200,1500,1052
L1,42,0,100,100,0,-1,1,2006,0,0,0,-1,200,1500,1052
L1,43,0,100,100,0,-1,1,2006,0,0,0,-1,200,1500,1052
L1,44,0,100,100,0,-1,1,2003,0,0,0,-1,200,1500,1053
L1,45,0,100,100,0,-1,1,2006,0,0,0,-1,200,1500,1054
L1,46,0,100,100,0,-1,1,2003,0,0,0,-1,200,1500,1054
L1,47,0,100,100,0,-1,1,2005,0,0,0,-1,200,1500,1023
L1,48,0,100,100,0,-1,1,2002,0,0,0,-1,200,1500,1052
L1,49,0,100,100,0,-1,1,2006,0,0,0,-1,200,1500,1055
L1,50,0,100,100,0,-1,1,2003,0,0,0,-1,200,1500,917
L1,51,0,100,100,0,-1,1,2006,0,0,0,-1,200,1500,1052
L1,52,0,100,100,0,-1,1,2005,0,0,0,-1,200,1500,1052
L1,53,0,100,100,0,-1,1,2003,0,0,0,-1,200,1500,1052
L1,54,0,100,100,0,-1,1,2006,0,0,0,-1,200,1500,1054
L1,55,0,100,100,0,-1,1,2003,0,0,0,-1,200,1500,1056
L1,56,0,100,100,0,-1,1,2003,0,0,0,-1,200,1500,1055
L1,57,0,100,100,0,-1,1,2005,0,0,0,-1,200,1500,1042
L1,58,0,100,100,0,-1,1,2003,0,0,0,-1,200,1500,1043
L1,59,0,100,100,0,-1,1,2003,0,0,0,-1,200,1500,1052
L1,60,0,100,100,0,-1,1,2003,0,0,0,-1,200,1500,1043
L1,61,0,100,100,0,-1,1,2003,0,0,0,-1,200,1500,1053
L1,62,0,100,100,0,-1,1,2003,0,0,0,-1,200,1500,1052
L1,63,0,100,100,0,-1,1,2004,0,0,0,-1,200,1500,1053
L1,64,0,100,100,0,-1,1,2002,0,0,0,-1,200,1500,1055
L1,65,0,100,100,0,-1,1,2003,0,0,0,-1,200,1500,1054
L1,66,0,100,100,0,-1,1,2003,0,0,0,-1,200,1500,1055
L1,67,0,100,100,0,-1,1,2002,0,0,0,-1,200,1500,1054
L1,68,0,100,100,0,-1,1,2003,0,0,0,-1,200,1500,1044
L1,69,0,100,100,0,-1,1,2002,0,0,0,-1,200,1500,1054
L1,70,0,100,100,0,-1,1,2005,0,0,0,-1,200,1500,1052
L1,71,0,100,100,0,-1,1,2002,0,0,0,-1,200,1500,1052
L1,72,0,100,100,0,-1,1,2003,0,0,0,-1,200,1500,1044
L1,73,0,100,100,0,-1,1,2006,0,0,0,-1,200,1500,1054
L1,74,0,100,100,0,-1,1,2006,0,0,0,-1,200,1500,1042
L1,75,0,100,100,0,-1,1,2004,0,0,0,-1,200,1500,1056
L1,76,0,100,100,0,-1,1,2005,0,0,0,-1,200,1500,1052
L1,77,0,100,100,0,-1,1,2005,0,0,0,-1,200,1500,1044
L1,78,0,100,100,0,-1,1,2006,0,0,0,-1,200,1500,1053
L1,79,0,100,100,0,-1,1,2005,0,0,0,-1,200,1500,1055
L1,80,0,100,100,0,-1,1,2005,0,0,0,-1,200,1500,1043
L1,81,0,100,100,0,-1,1,2006,0,0,0,-1,200,1500,1052
L1,82,0,100,100,0,-1,1,2005,0,0,0,-1,200,1500,1055
L1,83,0,100,100,0,-1,1,2003,0,0,0,-1,200,1500,1044
L1,84,0,100,100,0,-1,1,2003,0,0,0,-1,200,1500,1053
L1,85,0,100,100,0,-1,1,2002,0,0,0,-1,200,1500,1042
L1,86,0,100,100,0,-1,1,2003,0,0,0,-1,200,1500,1045
L1,87,0,100,100,0,-1,1,2005,0,0,0,-1,200,1500,961
L1,88,0,100,100,0,-1,1,2002,0,0,0,-1,200,1500,1054
L1,89,0,100,100,0,-1,1,2002,0,0,0,-1,200,1500,1053
L1,90,0,100,100,0,-1,1,2003,0,0,0,-1,200,1500,1042
L1,91,0,100,100,0,-1,1,2002,0,0,0,-1,200,1500,1054
L1,92,0,100,100,0,-1,1,2004,0,0,0,-1,200,1500,1054
L1,93,0,100,100,0,-1,1,2004,0,0,0,-1,200,1500,1053
L1,94,0,100,100,0,-1,1,2002,0,0,0,-1,200,1500,1012
L1,95,0,100,100,0,-1,1,2003,0,0,0,-1,200,1500,1053
L1,96,0,100,100,0,-1,1,2003,0,0,0,-1,200,1500,1051
L1,97,0,100,100,0,-1,1,2004,0,0,0,-1,200,1500,1052
L1,98,0,100,100,0,-1,1,2005,0,0,0,-1,200,1500,1052
L1,99,0,100,100,0,-1,1,2005,0,0,0,-1,200,1500,1053
L1,100,0,100,100,0,-1,1,2003,0,0,0,-1,200,1500,1053
L1,101,0,100,100,0,-1,1,2004,0,0,0,-1,200,1500,1053
L1,102,0,100,100,0,-1,1,2003,0,0,0,-1,200,1500,1051
L1,103,0,100,100,0,-1,1,2003,0,0,0,-1,200,1500,1053
L1,104,0,100,100,0,-1,1,2003,0,0,0,-1,200,1500,1054
L1,105,0,100,100,0,-1,1,2002,0,0,0,-1,200,1500,1053
L1,106,0,100,100,0,-1,1,2003,0,0,0,-1,200,1500,1053
L1,107,0,100,100,0,-1,1,2007,0,0,0,-1,200,1500,1055
L1,108,0,100,100,0,-1,1,2005,0,0,0,-1,200,1500,1044
L1,109,0,100,100,0,-1,1,2006,0,0,0,-1,200,1500,1053
L1,110,0,100,100,0,-1,1,2005,0,0,0,-1,200,1500,1053
L1,111,0,100,100,0,-1,1,2002,0,0,0,-1,200,1500,1051
L1,112,0,100,100,0,-1,1,2002,0,0,0,-1,200,1500,1058
L1,113,0,100,100,0,-1,1,2005,0,0,0,-1,200,1500,1053
L1,114,0,100,100,0,-1,1,2003,0,0,0,-1,200,1500,1035
L1,115,0,100,100,0,-1,1,2003,0,0,0,-1,200,1500,1053
L1,116,0,100,100,0,-1,1,2006,0,0,0,-1,200,1500,1052
L1,117,0,100,100,0,-1,1,2004,0,0,0,-1,200,1500,1054
L1,118,0,100,100,0,-1,1,2003,0,0,0,-1,200,1500,1057
L1,119,0,100,100,0,-1,1,2002,0,0,0,-1,200,1500,1052
L1,120,0,100,100,0,-1,1,2002,0,0,0,-1,200,1500,1054
L1,121,0,100,100,0,-1,1,2005,0,0,0,-1,200,1500,1054
L1,122,0,100,100,0,-1,1,2002,0,0,0,-1,200,1500,1052
L1,123,0,100,100,0,-1,1,2006,0,0,0,-1,200,1500,1060
L1,124,0,100,100,0,-1,1,2003,0,0,0,-1,200,1500,1052
L1,125,0,100,100,0,-1,1,2003,0,0,0,-1,200,1500,1058
L1,126,0,100,100,0,-1,1,2002,0,0,0,-1,200,1500,1052
L1,127,0,100,100,0,-1,1,2004,0,0,0,-1,200,1500,1053
L1,128,0,100,100,0,-1,1,2002,0,0,0,-1,200,1500,1033
L1,129,0,100,100,0,-1,1,2002,0,0,0,-1,200,1500,1054
L1,130,0,100,100,0,-1,1,2002,0,0,0,-1,200,1500,1043
L1,131,0,100,100,0,-1,1,2006,0,0,0,-1,200,1500,1043
L1,132,0,100,100,0,-1,1,2003,0,0,0,-1,200,1500,1052
L1,133,0,100,100,0,-1,1,2004,0,0,0,-1,200,1500,1053
L1,134,0,100,100,0,-1,1,2002,0,0,0,-1,200,1500,1053
L1,135,0,100,100,0,-1,1,2003,0,0,0,-1,200,1500,1045
L1,136,0,100,100,0,-1,1,2005,0,0,0,-1,200,1500,1054
L1,137,0,100,100,0,-1,1,2005,0,0,0,-1,200,1500,1043
L1,138,0,100,100,0,-1,1,2003,0,0,0,-1,200,1500,1052
L1,139,0,100,100,0,-1,1,2005,0,0,0,-1,200,1500,1052
L1,140,0,100,100,0,-1,1,2002,0,0,0,-1,200,1500,1053
L1,141,0,100,100,0,-1,1,2005,0,0,0,-1,200,1500,1053
L1,142,0,100,100,0,-1,1,2003,0,0,0,-1,200,1500,1046
L1,143,0,100,100,0,-1,1,2003,0,0,0,-1,200,1500,1056
L1,144,0,100,100,0,-1,1,2003,0,0,0,-1,200,1500,1054
L1,145,0,100,100,0,-1,1,2006,0,0,0,-1,200,1500,1056
L1,146,0,100,100,0,-1,1,2003,0,0,0,-1,200,1500,1043
L1,147,0,100,100,0,-1,1,2006,0,0,0,-1,200,1500,1032
L1,148,0,100,100,0,-1,1,2004,0,0,0,-1,200,1500,1052
L1,149,0,100,100,0,-1,1,2004,0,0,0,-1,200,1500,1053
L1,150,0,100,100,0,-1,1,2003,0,0,0,-1,200,1500,1031
L1,151,0,100,100,0,-1,1,2002,0,0,0,-1,200,1500,1043
L1,152,0,100,100,0,-1,1,2002,0,0,0,-1,200,1500,1052
L1,153,0,100,100,0,-1,1,2006,0,0,0,-1,200,1500,1052
L1,154,0,100,100,0,-1,1,2005,0,0,0,-1,200,1500,1054
L1,155,0,100,100,0,-1,1,2006,0,0,0,-1,200,1500,1052
L1,156,0,100,100,0,-1,1,2002,0,0,0,-1,200,1500,1053
L1,157,0,100,100,0,-1,1,2004,0,0,0,-1,200,1500,1054
L1,158,0,100,100,0,-1,1,2003,0,0,0,-1,200,1500,1054
L1,159,0,100,100,0,-1,1,2002,0,0,0,-1,200,1500,1054
L1,160,0,100,100,0,-1,1,2004,0,0,0,-1,200,1500,1059
L1,161,0,100,100,0,-1,1,2005,0,0,0,-1,200,1500,1055
L1,162,0,100,100,0,-1,1,2004,0,0,0,-1,200,1500,1053
L1,163,0,100,100,0,-1,1,2004,0,0,0,-1,200,1500,1042
L1,164,0,100,100,0,-1,1,2002,0,0,0,-1,200,1500,1043
L1,165,0,100,100,0,-1,1,2004,0,0,0,-1,200,1500,1054
L1,166,0,100,100,0,-1,1,2003,0,0,0,-1,200,1500,1053
L1,167,0,100,100,0,-1,1,2004,0,0,0,-1,200,1500,1051
L1,168,0,100,100,0,-1,1,2003,0,0,0,-1,200,1500,1052
L1,169,0,100,100,0,-1,1,2004,0,0,0,-1,200,1500,1054
L1,170,0,100,100,0,-1,1,2003,0,0,0,-1,200,1500,1055
L1,171,0,100,100,0,-1,1,2003,0,0,0,-1,200,1500,1045
L1,172,0,100,100,0,-1,1,2004,0,0,0,-1,200,1500,1055
L1,173,0,100,100,0,-1,1,2002,0,0,0,-1,200,1500,1053
L1,174,0,100,100,0,-1,1,2005,0,0,0,-1,200,1500,1054
L1,175,0,100,100,0,-1,1,2003,0,0,0,-1,200,1500,1054
L1,176,0,100,100,0,-1,1,2002,0,0,0,-1,200,1500,1054
L1,177,0,100,100,0,-1,1,2002,0,0,0,-1,200,1500,1053
L1,178,0,100,100,0,-1,1,2004,0,0,0,-1,200,1500,1052
L1,179,0,100,100,0,-1,1,2002,0,0,0,-1,200,1500,1043
L1,180,0,100,100,0,-1,1,2003,0,0,0,-1,200,1500,1055
L1,181,0,100,100,0,-1,1,2005,0,0,0,-1,200,1500,1053
L1,182,0,100,100,0,-1,1,2006,0,0,0,-1,200,1500,1053
L1,183,0,100,100,0,-1,1,2002,0,0,0,-1,200,1500,1059
L1,184,0,100,100,0,-1,1,2003,0,0,0,-1,200,1500,1053
L1,185,0,100,100,0,-1,1,2002,0,0,0,-1,200,1500,1053
L1,186,0,100,100,0,-1,1,2005,0,0,0,-1,200,1500,1052
L1,187,0,100,100,0,-1,1,2005,0,0,0,-1,200,1500,1052
L1,188,0,100,100,0,-1,1,2003,0,0,0,-1,200,1500,1052
L1,189,0,100,100,0,-1,1,2003,0,0,0,-1,200,1500,1053
L1,190,0,100,100,0,-1,1,2003,0,0,0,-1,200,1500,1034
L1,191,0,100,100,0,-1,1,2002,0,0,0,-1,200,1500,1052
L1,192,0,100,100,0,-1,1,2006,0,0,0,-1,200,1500,1053
L1,193,0,100,100,0,-1,1,2002,0,0,0,-1,200,1500,1055
L1,194,0,100,100,0,-1,1,2002,0,0,0,-1,200,1500,1052
L1,195,0,100,100,0,-1,1,2003,0,0,0,-1,200,1500,1054
L1,196,0,100,100,0,-1,1,2004,0,0,0,-1,200,1500,1053
L1,197,0,100,100,0,-1,1,2003,0,0,0,-1,200,1500,1053
L1,198,0,100,100,0,-1,1,2003,0,0,0,-1,200,1500,1044
L1,199,0,100,100,0,-1,1,2006,0,0,0,-1,200,1500,1053
L1,200,0,100,100,0,-1,1,2003,0,0,0,-1,200,1500,1054
