round,idx,craft,rc,received,misses,first_miss_at,c1_reaped,reap_ms,rx_late,mismatch_total,mean_us,loadavg1
1,1,1,0,100,0,-1,1,2005,0,0,1042,8.80
1,1,0,0,99,1,0,0,-1,0,1,3046,8.25
2,2,1,0,100,0,-1,1,2004,0,0,1055,8.25
2,2,0,0,100,0,-1,0,-1,0,0,1059,8.25
3,3,1,0,100,0,-1,1,2004,0,0,1053,7.75
3,3,0,0,100,0,-1,0,-1,0,0,1055,7.75
4,4,1,0,100,0,-1,1,2005,0,0,1052,7.75
4,4,0,0,100,0,-1,0,-1,0,0,1034,7.75
5,5,1,0,100,0,-1,1,2003,0,0,1056,7.45
5,5,0,0,100,0,-1,0,-1,0,0,1045,7.45
6,6,1,0,100,0,-1,1,2004,0,0,1053,7.45
6,6,0,0,100,0,-1,0,-1,0,0,1057,7.45
7,7,1,0,100,0,-1,1,2002,0,0,1054,7.45
7,7,0,0,100,0,-1,0,-1,0,0,1052,7.26
8,8,1,0,100,0,-1,1,2005,0,0,1053,7.26
8,8,0,0,100,0,-1,0,-1,0,0,1053,7.26
9,9,1,0,100,0,-1,1,2004,0,0,1053,7.26
9,9,0,0,100,0,-1,0,-1,0,0,1055,7.26
10,10,1,0,100,0,-1,1,2002,0,0,1052,6.83
10,10,0,0,100,0,-1,0,-1,0,0,1056,6.83
11,11,1,0,100,0,-1,1,2003,0,0,1052,6.83
11,11,0,0,100,0,-1,0,-1,0,0,1055,6.83
12,12,1,0,100,0,-1,1,2005,0,0,1053,6.53
12,12,0,0,100,0,-1,0,-1,0,0,1046,6.53
13,13,1,0,100,0,-1,1,2003,0,0,1056,6.53
13,13,0,0,100,0,-1,0,-1,0,0,1054,6.53
14,14,1,0,100,0,-1,1,2004,0,0,1053,6.32
14,14,0,0,100,0,-1,0,-1,0,0,1054,6.32
15,15,1,0,100,0,-1,1,2002,0,0,1053,6.32
15,15,0,0,100,0,-1,0,-1,0,0,1059,6.32
16,16,1,0,100,0,-1,1,2005,0,0,1054,5.98
16,16,0,0,100,0,-1,0,-1,0,0,1057,5.98
17,17,1,0,100,0,-1,1,2005,0,0,1052,5.98
17,17,0,0,100,0,-1,0,-1,0,0,1053,5.98
18,18,1,0,100,0,-1,1,2005,0,0,1047,5.98
18,18,0,0,100,0,-1,0,-1,0,0,1057,5.98
19,19,1,0,100,0,-1,1,2005,0,0,1052,5.66
19,19,0,0,100,0,-1,0,-1,0,0,1055,5.66
20,20,1,0,100,0,-1,1,2003,0,0,1056,5.66
20,20,0,0,100,0,-1,0,-1,0,0,1052,5.66
21,21,1,0,100,0,-1,1,2003,0,0,1053,5.61
21,21,0,0,100,0,-1,0,-1,0,0,1054,5.61
22,22,1,0,100,0,-1,1,2003,0,0,1053,5.61
22,22,0,0,100,0,-1,0,-1,0,0,1055,5.61
23,23,1,0,100,0,-1,1,2003,0,0,1052,5.40
23,23,0,0,100,0,-1,0,-1,0,0,1044,5.40
24,24,1,0,100,0,-1,1,2002,0,0,1056,5.40
24,24,0,0,100,0,-1,0,-1,0,0,1058,5.40
25,25,1,0,100,0,-1,1,2005,0,0,1058,5.12
25,25,0,0,100,0,-1,0,-1,0,0,1056,5.12
26,26,1,0,100,0,-1,1,2005,0,0,1053,5.12
26,26,0,0,100,0,-1,0,-1,0,0,1055,5.12
27,27,1,0,100,0,-1,1,2004,0,0,1043,4.95
27,27,0,0,100,0,-1,0,-1,0,0,1053,4.95
28,28,1,0,100,0,-1,1,2004,0,0,1053,4.95
28,28,0,0,100,0,-1,0,-1,0,0,1053,4.95
29,29,1,0,100,0,-1,1,2003,0,0,1052,4.95
29,29,0,0,100,0,-1,0,-1,0,0,1057,4.95
30,30,1,0,100,0,-1,1,2003,0,0,1053,4.88
30,30,0,0,100,0,-1,0,-1,0,0,1054,4.88
31,31,1,0,100,0,-1,1,2002,0,0,1052,4.88
31,31,0,0,100,0,-1,0,-1,0,0,1053,4.88
32,32,1,0,100,0,-1,1,2005,0,0,1053,4.73
32,32,0,0,100,0,-1,0,-1,0,0,1056,4.73
33,33,1,0,100,0,-1,1,2005,0,0,1052,4.73
33,33,0,0,100,0,-1,0,-1,0,0,1056,4.73
34,34,1,0,100,0,-1,1,2002,0,0,1052,4.51
34,34,0,0,100,0,-1,0,-1,0,0,1055,4.51
35,35,1,0,100,0,-1,1,2005,0,0,1054,4.51
35,35,0,0,100,0,-1,0,-1,0,0,1057,4.51
36,36,1,0,100,0,-1,1,2004,0,0,1052,4.39
36,36,0,0,100,0,-1,0,-1,0,0,1055,4.39
37,37,1,0,100,0,-1,1,2003,0,0,1044,4.39
37,37,0,0,100,0,-1,0,-1,0,0,1058,4.39
38,38,1,0,100,0,-1,1,2003,0,0,1054,4.39
38,38,0,0,99,1,0,0,-1,0,1,3059,4.20
39,39,1,0,100,0,-1,1,2006,0,0,1053,4.20
39,39,0,0,100,0,-1,0,-1,0,0,1053,4.20
40,40,1,0,100,0,-1,1,2002,0,0,1054,4.10
40,40,0,0,100,0,-1,0,-1,0,0,1056,4.10
41,41,1,0,100,0,-1,1,2004,0,0,1052,4.10
41,41,0,0,100,0,-1,0,-1,0,0,1055,4.10
42,42,1,0,100,0,-1,1,2003,0,0,1054,4.01
42,42,0,0,100,0,-1,0,-1,0,0,1058,4.01
43,43,1,0,100,0,-1,1,2003,0,0,1051,4.01
43,43,0,0,100,0,-1,0,-1,0,0,1057,4.01
44,44,1,0,100,0,-1,1,2004,0,0,1044,4.01
44,44,0,0,100,0,-1,0,-1,0,0,1046,3.85
45,45,1,0,100,0,-1,1,2003,0,0,1055,3.85
45,45,0,0,100,0,-1,0,-1,0,0,1053,3.85
46,46,1,0,100,0,-1,1,2003,0,0,1052,3.85
46,46,0,0,100,0,-1,0,-1,0,0,1060,3.85
47,47,1,0,100,0,-1,1,2002,0,0,1055,3.70
47,47,0,0,100,0,-1,0,-1,0,0,1053,3.70
48,48,1,0,100,0,-1,1,2002,0,0,1052,3.70
48,48,0,0,100,0,-1,0,-1,0,0,1055,3.70
49,49,1,0,100,0,-1,1,2003,0,0,1052,3.81
49,49,0,0,100,0,-1,0,-1,0,0,1060,3.81
50,50,1,0,100,0,-1,1,2005,0,0,1032,3.81
50,50,0,0,100,0,-1,0,-1,0,0,1054,3.81
51,51,1,0,100,0,-1,1,2004,0,0,1057,3.66
51,51,0,0,100,0,-1,0,-1,0,0,1056,3.66
52,52,1,0,100,0,-1,1,2002,0,0,1053,3.66
52,52,0,0,100,0,-1,0,-1,0,0,1043,3.66
53,53,1,0,100,0,-1,1,2005,0,0,1054,3.69
53,53,0,0,100,0,-1,0,-1,0,0,1054,3.69
54,54,1,0,100,0,-1,1,2002,0,0,1052,3.69
54,54,0,0,100,0,-1,0,-1,0,0,1058,3.69
55,55,1,0,100,0,-1,1,2004,0,0,1053,3.69
55,55,0,0,100,0,-1,0,-1,0,0,1056,3.69
56,56,1,0,100,0,-1,1,2004,0,0,1053,3.63
56,56,0,0,100,0,-1,0,-1,0,0,1052,3.63
57,57,1,0,100,0,-1,1,2002,0,0,1053,3.63
57,57,0,0,100,0,-1,0,-1,0,0,1055,3.63
58,58,1,0,100,0,-1,1,2002,0,0,1054,3.50
58,58,0,0,99,1,0,0,-1,0,1,3057,3.50
59,59,1,0,100,0,-1,1,2003,0,0,1053,3.38
59,59,0,0,100,0,-1,0,-1,0,0,1056,3.38
60,60,1,0,100,0,-1,1,2003,0,0,1056,3.38
60,60,0,0,99,1,0,0,-1,0,1,3065,3.38
