arm,idx,rc,n,received,misses,first_miss_at,criterion1_reaped,reap_ms
default,1,$rc,100,100,0,-1,1,2100
default,2,$rc,100,100,0,-1,1,2050
default,3,$rc,100,100,0,-1,1,2100
default,4,$rc,100,100,0,-1,1,2050
default,5,$rc,100,100,0,-1,1,2050
default,6,$rc,100,100,0,-1,1,2051
default,7,$rc,100,100,0,-1,1,2100
default,8,$rc,100,100,0,-1,1,2051
default,9,$rc,100,100,0,-1,1,2050
default,10,$rc,100,100,0,-1,1,2050
default,11,$rc,100,100,0,-1,1,2101
default,12,$rc,100,100,0,-1,1,2100
default,13,$rc,100,100,0,-1,1,2100
default,14,$rc,100,100,0,-1,1,2050
default,15,$rc,100,100,0,-1,1,2050
default,16,$rc,100,100,0,-1,1,2100
default,17,$rc,100,100,0,-1,1,2100
default,18,$rc,100,100,0,-1,1,2100
default,19,$rc,100,100,0,-1,1,2100
default,20,$rc,100,100,0,-1,1,2050
default,21,$rc,100,100,0,-1,1,2051
default,22,$rc,100,100,0,-1,1,2050
default,23,$rc,100,100,0,-1,1,2051
default,24,$rc,100,100,0,-1,1,2051
default,25,$rc,100,100,0,-1,1,2050
default,26,$rc,100,100,0,-1,1,2050
default,27,$rc,100,100,0,-1,1,2050
default,28,$rc,100,100,0,-1,1,2050
default,29,$rc,100,100,0,-1,1,2050
default,30,$rc,100,100,0,-1,1,2100
default,31,$rc,100,100,0,-1,1,2100
default,32,$rc,100,100,0,-1,1,2051
default,33,$rc,100,100,0,-1,1,2100
default,34,$rc,100,100,0,-1,1,2100
default,35,$rc,100,100,0,-1,1,2100
default,36,$rc,100,100,0,-1,1,2100
default,37,$rc,100,100,0,-1,1,2100
default,38,$rc,100,100,0,-1,1,2100
default,39,$rc,100,100,0,-1,1,2050
default,40,$rc,100,100,0,-1,1,2100
L1,1,$rc,100,100,0,-1,1,2004
L1,2,$rc,100,100,0,-1,1,2004
L1,3,$rc,100,100,0,-1,1,2006
L1,4,$rc,100,100,0,-1,1,2003
L1,5,$rc,100,100,0,-1,1,2006
L1,6,$rc,100,100,0,-1,1,2006
L1,7,$rc,100,100,0,-1,1,2006
L1,8,$rc,100,100,0,-1,1,2002
L1,9,$rc,100,100,0,-1,1,2003
L1,10,$rc,100,100,0,-1,1,2005
L1,11,$rc,100,100,0,-1,1,2003
L1,12,$rc,100,100,0,-1,1,2003
L1,13,$rc,100,100,0,-1,1,2006
L1,14,$rc,100,100,0,-1,1,2003
L1,15,$rc,100,100,0,-1,1,2006
L1,16,$rc,100,100,0,-1,1,2002
L1,17,$rc,100,100,0,-1,1,2003
L1,18,$rc,100,100,0,-1,1,2003
L1,19,$rc,100,100,0,-1,1,2003
L1,20,$rc,100,100,0,-1,1,2003
L1,21,$rc,100,100,0,-1,1,2003
L1,22,$rc,100,100,0,-1,1,2006
L1,23,$rc,100,100,0,-1,1,2003
L1,24,$rc,100,100,0,-1,1,2004
L1,25,$rc,100,100,0,-1,1,2003
L1,26,$rc,100,100,0,-1,1,2006
L1,27,$rc,100,100,0,-1,1,2004
L1,28,$rc,100,100,0,-1,1,2004
L1,29,$rc,100,100,0,-1,1,2004
L1,30,$rc,100,100,0,-1,1,2006
L1,31,$rc,100,100,0,-1,1,2003
L1,32,$rc,100,100,0,-1,1,2006
L1,33,$rc,100,100,0,-1,1,2002
L1,34,$rc,100,100,0,-1,1,2002
L1,35,$rc,100,100,0,-1,1,2002
L1,36,$rc,100,100,0,-1,1,2003
L1,37,$rc,100,99,1,0,1,2003
L1,38,$rc,100,100,0,-1,1,2003
L1,39,$rc,100,100,0,-1,1,2007
L1,40,$rc,100,100,0,-1,1,2002
L1,41,$rc,100,100,0,-1,1,2006
L1,42,$rc,100,100,0,-1,1,2005
L1,43,$rc,100,100,0,-1,1,2006
L1,44,$rc,100,100,0,-1,1,2002
L1,45,$rc,100,100,0,-1,1,2002
L1,46,$rc,100,100,0,-1,1,2006
L1,47,$rc,100,100,0,-1,1,2004
L1,48,$rc,100,99,1,0,1,2002
L1,49,$rc,100,100,0,-1,1,2002
L1,50,$rc,100,100,0,-1,1,2002
L1,51,$rc,100,100,0,-1,1,2002
L1,52,$rc,100,100,0,-1,1,2003
L1,53,$rc,100,100,0,-1,1,2003
L1,54,$rc,100,100,0,-1,1,2003
L1,55,$rc,100,100,0,-1,1,2003
L1,56,$rc,100,100,0,-1,1,2003
L1,57,$rc,100,100,0,-1,1,2006
L1,58,$rc,100,100,0,-1,1,2006
L1,59,$rc,100,100,0,-1,1,2003
L1,60,$rc,100,100,0,-1,1,2003
L1,61,$rc,100,100,0,-1,1,2005
L1,62,$rc,100,100,0,-1,1,2004
L1,63,$rc,100,100,0,-1,1,2003
L1,64,$rc,100,100,0,-1,1,2003
L1,65,$rc,100,100,0,-1,1,2003
L1,66,$rc,100,100,0,-1,1,2004
L1,67,$rc,100,100,0,-1,1,2003
L1,68,$rc,100,100,0,-1,1,2002
L1,69,$rc,100,100,0,-1,1,2003
L1,70,$rc,100,100,0,-1,1,2002
L1,71,$rc,100,100,0,-1,1,2004
L1,72,$rc,100,100,0,-1,1,2003
L1,73,$rc,100,100,0,-1,1,2002
L1,74,$rc,100,100,0,-1,1,2004
L1,75,$rc,100,100,0,-1,1,2004
L1,76,$rc,100,100,0,-1,1,2002
L1,77,$rc,100,100,0,-1,1,2003
L1,78,$rc,100,100,0,-1,1,2006
L1,79,$rc,100,100,0,-1,1,2006
L1,80,$rc,100,100,0,-1,1,2005
L1,81,$rc,100,100,0,-1,1,2002
L1,82,$rc,100,100,0,-1,1,2003
L1,83,$rc,100,100,0,-1,1,2002
L1,84,$rc,100,100,0,-1,1,2006
L1,85,$rc,100,100,0,-1,1,2004
L1,86,$rc,100,100,0,-1,1,2004
L1,87,$rc,100,100,0,-1,1,2006
L1,88,$rc,100,100,0,-1,1,2005
L1,89,$rc,100,100,0,-1,1,2004
L1,90,$rc,100,100,0,-1,1,2005
L1,91,$rc,100,100,0,-1,1,2003
L1,92,$rc,100,100,0,-1,1,2003
L1,93,$rc,100,100,0,-1,1,2002
L1,94,$rc,100,100,0,-1,1,2003
L1,95,$rc,100,100,0,-1,1,2003
L1,96,$rc,100,100,0,-1,1,2004
L1,97,$rc,100,100,0,-1,1,2003
L1,98,$rc,100,100,0,-1,1,2003
L1,99,$rc,100,100,0,-1,1,2003
L1,100,$rc,100,100,0,-1,1,2003
