arm,idx,rc,n,received,misses,first_miss_at,c1_reaped,reap_ms,settle_ms,late_ms,mode
L1,L1_noset_1,0,100,100,0,-1,1,2002,0,0,settle0
L1,L1_noset_2,0,100,100,0,-1,1,2005,0,0,settle0
L1,L1_noset_3,0,100,100,0,-1,1,2006,0,0,settle0
L1,L1_set20_1,0,100,100,0,-1,1,2003,20,0,settle20
L1,L1_set20_2,0,100,100,0,-1,1,2002,20,0,settle20
L1,L1_set20_3,0,100,100,0,-1,1,2002,20,0,settle20
arm,idx,rc,n,received,misses,first_miss_at,c1_reaped,reap_ms,late_ms
L1,1,0,100,100,0,-,1,2005,0
L1,2,0,100,100,0,-,1,2006,0
L1,3,0,100,100,0,-,1,2004,0
L1,4,0,100,100,0,-,1,2003,0
L1,5,0,100,100,0,-,1,2004,0
L1,6,0,100,100,0,-,1,2003,0
L1,7,0,100,100,0,-,1,2003,0
L1,8,0,100,100,0,-,1,2003,0
L1,9,0,100,100,0,-,1,2004,0
L1,10,0,100,100,0,-,1,2004,0
L1,11,0,100,100,0,-,1,2002,0
L1,12,0,100,100,0,-,1,2004,0
L1,13,0,100,100,0,-,1,2002,0
L1,14,0,100,100,0,-,1,2003,0
L1,15,0,100,100,0,-,1,2003,0
L1,16,0,100,100,0,-,1,2005,0
L1,17,0,100,100,0,-,1,2004,0
L1,18,0,100,100,0,-,1,2004,0
L1,19,0,100,100,0,-,1,2003,0
L1,20,0,100,100,0,-,1,2005,0
L1,21,0,100,100,0,-,1,2004,0
L1,22,0,100,100,0,-,1,2004,0
L1,23,0,100,100,0,-,1,2006,0
L1,24,0,100,100,0,-,1,2005,0
L1,25,0,100,100,0,-,1,2003,0
L1,26,0,100,100,0,-,1,2006,0
L1,27,0,100,100,0,-,1,2002,0
L1,28,0,100,100,0,-,1,2004,0
L1,29,0,100,100,0,-,1,2003,0
L1,30,0,100,100,0,-,1,2002,0
L1,31,0,100,100,0,-,1,2005,0
L1,32,0,100,100,0,-,1,2002,0
L1,33,0,100,100,0,-,1,2004,0
L1,34,0,100,100,0,-,1,2007,0
L1,35,0,100,100,0,-,1,2004,0
L1,36,0,100,100,0,-,1,2004,0
L1,37,0,100,100,0,-,1,2005,0
L1,38,0,100,100,0,-,1,2006,0
L1,39,0,100,100,0,-,1,2006,0
L1,40,0,100,100,0,-,1,2003,0
L1,41,0,100,100,0,-,1,2002,0
L1,42,0,100,100,0,-,1,2006,0
L1,43,0,100,100,0,-,1,2003,0
L1,44,0,100,100,0,-,1,2003,0
L1,45,0,100,100,0,-,1,2003,0
L1,46,0,100,100,0,-,1,2004,0
L1,47,0,100,100,0,-,1,2004,0
L1,48,0,100,100,0,-,1,2002,0
L1,49,0,100,100,0,-,1,2003,0
L1,50,0,100,100,0,-,1,2003,0
