route,registered,planned,sent,rx,dup,out_of_order,corrupt,timeout,rx_after_silence,first_packet_ok,first_packet_us
w10_socket_independent_3102_0,1,8,8,8,0,0,0,0,5,1,95382996053
w10_socket_independent_3102_1,1,3,3,3,0,0,0,0,0,1,95382996054
w10_socket_independent_3102_2,1,3,3,3,0,0,0,0,0,1,95382996055
w10_socket_independent_3102_3,1,3,3,3,0,0,0,0,0,1,95382996056
w10_socket_independent_3102_4,1,3,3,3,0,0,0,0,0,1,95382996056
w10_socket_independent_3102_5,1,3,3,3,0,0,0,0,0,1,95382996057
w10_socket_independent_3102_6,1,3,3,3,0,0,0,0,0,1,95382996058
w10_socket_independent_3102_7,1,3,3,3,0,0,0,0,0,1,95382996058
w10_socket_independent_3102_8,1,3,3,3,0,0,0,0,0,1,95382996060
w10_socket_independent_3102_9,1,3,3,3,0,0,0,0,0,1,95382996061
w10_socket_independent_3102_10,1,3,3,3,0,0,0,0,0,1,95382996061
w10_socket_independent_3102_11,1,3,3,3,0,0,0,0,0,1,95382996062
w10_socket_independent_3102_12,1,3,3,3,0,0,0,0,0,1,95382998145
w10_socket_independent_3102_13,1,3,3,3,0,0,0,0,0,1,95382998145
w10_socket_independent_3102_14,1,3,3,3,0,0,0,0,0,1,95382996063
w10_socket_independent_3102_15,1,3,3,3,0,0,0,0,0,1,95382996063
w10_socket_independent_3102_16,1,3,3,3,0,0,0,0,0,1,95382996064
w10_socket_independent_3102_17,1,3,3,3,0,0,0,0,0,1,95382996065
w10_socket_independent_3102_18,1,3,3,3,0,0,0,0,0,1,95382996065
w10_socket_independent_3102_19,1,3,3,3,0,0,0,0,0,1,95382996066
w10_socket_independent_3102_20,1,3,3,3,0,0,0,0,0,1,95382996067
w10_socket_independent_3102_21,1,3,3,3,0,0,0,0,0,1,95382996067
w10_socket_independent_3102_22,1,3,3,3,0,0,0,0,0,1,95382996068
w10_socket_independent_3102_23,1,3,3,3,0,0,0,0,0,1,95382996069
w10_socket_independent_3102_24,1,3,3,3,0,0,0,0,0,1,95382998151
w10_socket_independent_3102_25,1,3,3,3,0,0,0,0,0,1,95382996069
w10_socket_independent_3102_26,1,3,3,3,0,0,0,0,0,1,95382996070
w10_socket_independent_3102_27,1,3,3,3,0,0,0,0,0,1,95382998152
w10_socket_independent_3102_28,1,3,3,3,0,0,0,0,0,1,95382998153
w10_socket_independent_3102_29,1,3,3,3,0,0,0,0,0,1,95382998154
w10_socket_independent_3102_30,1,3,3,3,0,0,0,0,0,1,95382996072
w10_socket_independent_3102_31,1,3,3,3,0,0,0,0,0,1,95382998155
w10_socket_independent_3102_32,1,3,3,3,0,0,0,0,0,1,95382998155
w10_socket_independent_3102_33,1,3,3,3,0,0,0,0,0,1,95382998156
w10_socket_independent_3102_34,1,3,3,3,0,0,0,0,0,1,95382998156
w10_socket_independent_3102_35,1,3,3,3,0,0,0,0,0,1,95382998157
w10_socket_independent_3102_36,1,3,3,3,0,0,0,0,0,1,95382998158
w10_socket_independent_3102_37,1,3,3,3,0,0,0,0,0,1,95382998159
w10_socket_independent_3102_38,1,3,3,3,0,0,0,0,0,1,95382998160
w10_socket_independent_3102_39,1,3,3,3,0,0,0,0,0,1,95383000250
w10_socket_independent_3102_40,1,3,3,3,0,0,0,0,0,1,95382998161
w10_socket_independent_3102_41,1,3,3,3,0,0,0,0,0,1,95382998161
w10_socket_independent_3102_42,1,3,3,3,0,0,0,0,0,1,95382998162
w10_socket_independent_3102_43,1,3,3,3,0,0,0,0,0,1,95383000251
w10_socket_independent_3102_44,1,3,3,3,0,0,0,0,0,1,95383000252
w10_socket_independent_3102_45,1,3,3,3,0,0,0,0,0,1,95382998163
w10_socket_independent_3102_46,1,3,3,3,0,0,0,0,0,1,95383000253
w10_socket_independent_3102_47,1,3,3,3,0,0,0,0,0,1,95383000253
w10_socket_independent_3102_48,1,3,3,3,0,0,0,0,0,1,95383000254
w10_socket_independent_3102_49,1,3,3,3,0,0,0,0,0,1,95383000254
w10_socket_independent_3102_50,1,3,3,3,0,0,0,0,0,1,95382996077
w10_socket_independent_3102_51,1,3,3,3,0,0,0,0,0,1,95382998164
w10_socket_independent_3102_52,1,3,3,3,0,0,0,0,0,1,95382998165
w10_socket_independent_3102_53,1,3,3,3,0,0,0,0,0,1,95383000258
w10_socket_independent_3102_54,1,3,3,3,0,0,0,0,0,1,95382998165
w10_socket_independent_3102_55,1,3,3,3,0,0,0,0,0,1,95383000260
w10_socket_independent_3102_56,1,3,3,3,0,0,0,0,0,1,95382998166
w10_socket_independent_3102_57,1,3,3,3,0,0,0,0,0,1,95383000262
w10_socket_independent_3102_58,1,3,3,3,0,0,0,0,0,1,95383000263
w10_socket_independent_3102_59,1,3,3,3,0,0,0,0,0,1,95383000264
w10_socket_independent_3102_60,1,3,3,3,0,0,0,0,0,1,95383000266
w10_socket_independent_3102_61,1,3,3,3,0,0,0,0,0,1,95383000266
w10_socket_independent_3102_62,1,3,3,3,0,0,0,0,0,1,95383000268
w10_socket_independent_3102_63,1,3,3,3,0,0,0,0,0,1,95383000268
w10_socket_independent_3102_64,1,3,3,3,0,0,0,0,0,1,95382998168
w10_socket_independent_3102_65,1,3,3,3,0,0,0,0,0,1,95383000269
w10_socket_independent_3102_66,1,3,3,3,0,0,0,0,0,1,95383000270
w10_socket_independent_3102_67,1,3,3,3,0,0,0,0,0,1,95383000270
w10_socket_independent_3102_68,1,3,3,3,0,0,0,0,0,1,95382998169
w10_socket_independent_3102_69,1,3,3,3,0,0,0,0,0,1,95382996081
w10_socket_independent_3102_70,1,3,3,3,0,0,0,0,0,1,95383000272
w10_socket_independent_3102_71,1,3,3,3,0,0,0,0,0,1,95383000273
w10_socket_independent_3102_72,1,3,3,3,0,0,0,0,0,1,95383000273
w10_socket_independent_3102_73,1,3,3,3,0,0,0,0,0,1,95382998171
w10_socket_independent_3102_74,1,3,3,3,0,0,0,0,0,1,95383000276
w10_socket_independent_3102_75,1,3,3,3,0,0,0,0,0,1,95383000276
w10_socket_independent_3102_76,1,3,3,3,0,0,0,0,0,1,95382998171
w10_socket_independent_3102_77,1,3,3,3,0,0,0,0,0,1,95383000279
w10_socket_independent_3102_78,1,3,3,3,0,0,0,0,0,1,95383000280
w10_socket_independent_3102_79,1,3,3,3,0,0,0,0,0,1,95383000280
w10_socket_independent_3102_80,1,3,3,3,0,0,0,0,0,1,95383000280
w10_socket_independent_3102_81,1,3,3,3,0,0,0,0,0,1,95383000281
w10_socket_independent_3102_82,1,3,3,3,0,0,0,0,0,1,95383000282
w10_socket_independent_3102_83,1,3,3,3,0,0,0,0,0,1,95382998172
w10_socket_independent_3102_84,1,3,3,3,0,0,0,0,0,1,95383000283
w10_socket_independent_3102_85,1,3,3,3,0,0,0,0,0,1,95383000284
w10_socket_independent_3102_86,1,3,3,3,0,0,0,0,0,1,95383000285
w10_socket_independent_3102_87,1,3,3,3,0,0,0,0,0,1,95382998173
w10_socket_independent_3102_88,1,3,3,3,0,0,0,0,0,1,95382996085
w10_socket_independent_3102_89,1,3,3,3,0,0,0,0,0,1,95382998174
w10_socket_independent_3102_90,1,3,3,3,0,0,0,0,0,1,95383000288
w10_socket_independent_3102_91,1,3,3,3,0,0,0,0,0,1,95383000289
w10_socket_independent_3102_92,1,3,3,3,0,0,0,0,0,1,95383000289
w10_socket_independent_3102_93,1,3,3,3,0,0,0,0,0,1,95383000290
w10_socket_independent_3102_94,1,3,3,3,0,0,0,0,0,1,95383000290
w10_socket_independent_3102_95,1,3,3,3,0,0,0,0,0,1,95382998175
w10_socket_independent_3102_96,1,3,3,3,0,0,0,0,0,1,95383000291
w10_socket_independent_3102_97,1,3,3,3,0,0,0,0,0,1,95383000291
w10_socket_independent_3102_98,1,3,3,3,0,0,0,0,0,1,95382998176
w10_socket_independent_3102_99,1,3,3,3,0,0,0,0,0,1,95383000298
