cpu-st1-n1000-W32-diagoff-r1	1	1000	1000	32	off	0	0.000666503	0	34663.9	2	67	1.99 1.82 1.86
cpu-st1-n1000-W32-diagoff-r2	1	1000	1000	32	off	0	0.000833177	0	34428.3	2	67	2.04 1.87 1.88
cpu-st1-n1000-W32-diagoff-r3	1	1000	1000	32	off	0	0.000833141	0	62019.2	2	67	1.60 1.78 1.84
cpu-st1-n1000-W32-diagoff-r4	1	1000	1000	32	off	0	0.000666462	0	39357.7	2	67	3.20 2.48 2.10
cpu-st1-n1000-W32-diagoff-r5	1	1000	1000	32	off	0	0.000499925	0	44541.7	2	67	2.44 2.37 2.09
cpu-st2-n100-W32-diagoff-r1	2	100	100	32	off	0	0.00383244	586.63	1433.31	2	64	2.04 2.25 2.06
cpu-st2-n100-W32-diagoff-r2	2	100	100	32	off	0	0.00333333	590.532	1301.4	2	64	1.55 2.08 2.02
cpu-st2-n100-W32-diagoff-r3	2	100	100	32	off	0	0.0041636	584.603	1281.15	2	64	1.54 1.97 1.98
cpu-st2-n100-W32-diagoff-r4	2	100	100	32	off	0	0.00383307	567.328	1192.81	2	64	1.51 1.88 1.95
cpu-st2-n100-W32-diagoff-r5	2	100	100	32	off	0	0.00549976	985.457	766.484	2	64	1.66 1.87 1.94
cpu-st2-n500-W32-diagoff-r1	2	500	500	32	off	0	0.0406634	5500.41	4378.68	2	64	1.75 1.85 1.93
cpu-st2-n500-W32-diagoff-r2	2	500	500	32	off	0	0.0389695	5386.31	1201.83	2	64	1.37 1.73 1.88
cpu-st2-n500-W32-diagoff-r3	2	500	500	32	off	0	0.0396647	5407.9	4405.01	2	64	1.57 1.73 1.88
cpu-st2-n500-W32-diagoff-r4	2	500	500	32	off	0	0.0391371	5129.78	1228.77	2	65	1.42 1.66 1.84
cpu-st2-n500-W32-diagoff-r5	2	500	500	32	off	0	0.0381653	5192.14	3375.55	2	64	1.49 1.64 1.82
cpu-st2-n1000-W32-diagoff-r1	2	1000	1000	32	off	0	0.114824	10972.8	6501.03	2	64	1.55 1.65 1.81
cpu-st2-n1000-W32-diagoff-r2	2	1000	1000	32	off	0	0.131734	12791.6	871.031	2	64	1.47 1.61 1.79
cpu-st2-n1000-W32-diagoff-r3	2	1000	1000	32	off	0	0.118084	11619.3	1069.42	2	64	1.83 1.66 1.79
cpu-st2-n1000-W32-diagoff-r4	2	1000	1000	32	off	0	0.131151	12463	2366.31	2	64	1.52 1.61 1.76
cpu-st2-n1000-W32-diagoff-r5	2	1000	1000	32	off	0	0.134999	12443.6	2751.96	2	64	1.89 1.69 1.78
cpu-st3-n100-W32-diagoff-r1	3	100	200	32	off	0	0.019996	2636.11	5524.26	34	64	1.55 1.64 1.76
cpu-st3-n100-W32-diagoff-r2	3	100	200	32	off	0	0.0199917	2603.88	4845.67	34	64	1.25 1.54 1.71
cpu-st3-n100-W32-diagoff-r3	3	100	200	32	off	0	0.0196626	2632.32	5521.2	34	64	1.26 1.49 1.68
cpu-st3-n100-W32-diagoff-r4	3	100	200	32	off	0	0.017663	2239.42	11462.6	34	64	1.56 1.51 1.68
cpu-st3-n100-W32-diagoff-r5	3	100	200	32	off	0	0.0196645	2780.59	7956.3	34	64	1.63 1.55 1.68
cpu-st3-n500-W32-diagoff-r1	3	500	1000	32	off	0	0.113299	6803.09	26387.4	34	65	1.45 1.51 1.66
cpu-st3-n500-W32-diagoff-r2	3	500	1000	32	off	0	0.111971	6877.26	16603.6	34	64	2.13 1.65 1.69
cpu-st3-n500-W32-diagoff-r3	3	500	1000	32	off	0	0.116471	7032.54	16819.1	34	65	1.77 1.64 1.68
cpu-st3-n500-W32-diagoff-r4	3	500	1000	32	off	0	0.110483	6885.72	20558.9	34	64	1.46 1.57 1.66
cpu-st3-n500-W32-diagoff-r5	3	500	1000	32	off	0	0.112462	6987.82	18573.3	34	65	1.65 1.59 1.65
cpu-st3-n1000-W32-diagoff-r1	3	1000	2000	32	off	0	0.263246	6678.81	41684.4	34	65	1.77 1.66 1.68
cpu-st3-n1000-W32-diagoff-r2	3	1000	2000	32	off	0	0.246241	6664.9	32129.2	34	65	1.62 1.64 1.67
cpu-st3-n1000-W32-diagoff-r3	3	1000	2000	32	off	0	0.265418	6779.03	33861.1	34	66	1.67 1.67 1.68
cpu-st3-n1000-W32-diagoff-r4	3	1000	2000	32	off	0	0.237258	5509.4	49847.3	34	65	1.69 1.67 1.68
cpu-st3-n1000-W32-diagoff-r5	3	1000	2000	32	off	0	0.282904	7234.43	36776.5	34	65	1.73 1.68 1.68
cpu-st3-n1000-W4-diagoff-r1	3	1000	2000	4	off	0	0.346714	3762.38	48275.2	498	66	1.49 1.61 1.65
cpu-st3-n1000-W4-diagoff-r2	3	1000	2000	4	off	0	0.279828	2068.53	77301.5	498	65	1.52 1.62 1.65
cpu-st3-n1000-W4-diagoff-r3	3	1000	2000	4	off	0	0.298921	2277.58	60745.2	498	65	1.92 1.74 1.69
cpu-st3-n1000-W4-diagoff-r4	3	1000	2000	4	off	0	0.335976	3658.51	53139.5	498	66	2.38 1.94 1.77
cpu-st3-n1000-W4-diagoff-r5	3	1000	2000	4	off	0	0.281475	2361.19	66416.8	498	65	1.64 1.81 1.73
scan-st3-n1-W32-diagon-r1	3	1	2	32	on	0	0.00216646	120.005	247.618	3	64	1.84 1.84 1.75
scan-st3-n1-W32-diagon-r2	3	1	2	32	on	0	0.00149878	120.002	223.801	3	64	1.77 1.81 1.74
scan-st3-n1-W32-diagon-r3	3	1	2	32	on	0	0.00183197	120.011	273.184	3	64	1.72 1.79 1.74
scan-st3-n1-W32-diagon-r4	3	1	2	32	on	0	0.00149884	120.007	208.503	3	65	1.91 1.87 1.77
scan-st3-n1-W32-diagon-r5	3	1	2	32	on	0	0.00249896	120	285.82	3	64	1.77 1.85 1.77
scan-st3-n100-W32-diagon-r1	3	100	200	32	on	0	0.0194969	2259.56	9210.33	34	64	1.51 1.76 1.74
scan-st3-n100-W32-diagon-r2	3	100	200	32	on	0	0.0208271	2789.72	6303.24	34	64	1.57 1.73 1.73
scan-st3-n100-W32-diagon-r3	3	100	200	32	on	0	0.018828	2632.32	5271.56	34	64	1.41 1.66 1.71
scan-st3-n100-W32-diagon-r4	3	100	200	32	on	0	0.0176622	2217.18	8419.77	34	64	1.44 1.64 1.70
scan-st3-n100-W32-diagon-r5	3	100	200	32	on	0	0.0208297	2731.13	5279.91	34	65	1.41 1.61 1.69
scan-st3-n500-W32-diagon-r1	3	500	1000	32	on	0	0.110619	6950.38	26892.5	34	64	1.95 1.68 1.70
scan-st3-n500-W32-diagon-r2	3	500	1000	32	on	0	0.109319	6841.93	26847.6	34	65	1.57 1.63 1.69
scan-st3-n500-W32-diagon-r3	3	500	1000	32	on	0	0.113634	6927.3	27532.4	34	64	1.47 1.59 1.67
scan-st3-n500-W32-diagon-r4	3	500	1000	32	on	0	0.111305	7006.39	29190.4	34	65	1.55 1.58 1.66
scan-st3-n500-W32-diagon-r5	3	500	1000	32	on	0	0.111796	6822.85	27381.2	34	64	1.69 1.60 1.66
scan-st3-n1000-W32-diagon-r1	3	1000	2000	32	on	0	0.256272	6475.31	33156.8	34	65	2.34 1.78 1.71
scan-st3-n1000-W32-diagon-r2	3	1000	2000	32	on	0	0.244182	6029.83	42702.1	34	66	2.18 1.85 1.74
scan-st3-n1000-W32-diagon-r3	3	1000	2000	32	on	0	0.17772	4301.52	64822.3	34	65	2.26 1.93 1.77
scan-st3-n1000-W32-diagon-r4	3	1000	2000	32	on	0	0.248907	6398.2	33044.3	34	65	2.07 1.94 1.79
scan-st3-n1000-W32-diagon-r5	3	1000	2000	32	on	1	0.226929	5585.6	52992.4	34	66	2.90 2.15 1.87
