run_id,monotonic_ns,offset_s,phase,pid,role,label,threads,proc_stat_cpu_s,task_group_sum_cpu_s,cpu_cores_interval,ctx_switch_per_s_interval,rss_kb,max_fd,state
20260928-r03-W03,10004643321212,1.66e-07,steady_active,111,other,w01_csw_cpu_scope_probe,1,0,0,0,0,256,2,R
20260928-r03-W03,10004743484759,0.100164,steady_active,111,other,w01_csw_cpu_scope_probe,10,0.09,0.09,0.89853,7657.48,1024,2,S
20260928-r03-W03,10004844023985,0.200703,steady_active,111,other,w01_csw_cpu_scope_probe,10,0.19,0.19,0.994637,7628.86,1024,2,S
20260928-r03-W03,10004944483903,0.301163,steady_active,111,other,w01_csw_cpu_scope_probe,10,0.3,0.29,1.09496,7624.93,1024,2,S
20260928-r03-W03,10005044891953,0.401571,steady_active,111,other,w01_csw_cpu_scope_probe,10,0.4,0.4,0.995936,7569.11,1024,2,S
20260928-r03-W03,10005145351537,0.50203,steady_active,111,other,w01_csw_cpu_scope_probe,10,0.51,0.5,1.09497,7615,1024,2,S
20260928-r03-W03,10005245817135,0.602496,steady_active,111,other,w01_csw_cpu_scope_probe,10,0.61,0.6,0.995366,7604.59,1024,2,S
20260928-r03-W03,10005346262237,0.702941,steady_active,111,other,w01_csw_cpu_scope_probe,10,0.72,0.7,1.09513,7566.32,1024,2,S
20260928-r03-W03,10005446715256,0.803394,steady_active,111,other,w01_csw_cpu_scope_probe,10,0.82,0.8,0.99549,7645.37,1024,2,S
20260928-r03-W03,10005547180785,0.90386,steady_active,111,other,w01_csw_cpu_scope_probe,10,0.92,0.9,0.995366,7564.78,1024,2,S
20260928-r03-W03,10005647637518,1.00432,steady_active,111,other,w01_csw_cpu_scope_probe,10,1.02,1,0.995453,7595.31,1280,2,S
20260928-r03-W03,10005748089055,1.10477,steady_active,111,other,w01_csw_cpu_scope_probe,10,1.12,1.1,0.995505,7625.57,1280,2,S
20260928-r03-W03,10005848503745,1.20518,steady_active,111,other,w01_csw_cpu_scope_probe,10,1.23,1.2,1.09546,7598.49,1280,2,S
20260928-r03-W03,10005948921767,1.3056,steady_active,111,other,w01_csw_cpu_scope_probe,10,1.33,1.3,0.995837,7628.11,1280,2,S
20260928-r03-W03,10006049447768,1.40613,steady_active,111,other,w01_csw_cpu_scope_probe,10,1.43,1.4,0.994768,7580.13,1280,2,S
20260928-r03-W03,10006149814612,1.50649,steady_active,111,other,w01_csw_cpu_scope_probe,10,1.53,1.5,0.996345,7602.11,1280,2,S
20260928-r03-W03,10006250091404,1.60677,steady_active,111,other,w01_csw_cpu_scope_probe,10,1.64,1.6,1.09696,7608.94,1280,2,S
20260928-r03-W03,10006350439715,1.70712,steady_active,111,other,w01_csw_cpu_scope_probe,10,1.74,1.7,0.996529,7583.59,1280,2,S
20260928-r03-W03,10006450699336,1.80738,steady_active,111,other,w01_csw_cpu_scope_probe,10,1.84,1.8,0.997411,7580.32,1280,2,S
20260928-r03-W03,10006550963991,1.90764,steady_active,111,other,w01_csw_cpu_scope_probe,10,1.94,1.9,0.99736,7619.83,1280,2,S
20260928-r03-W03,10006651212455,2.00789,steady_active,111,other,w01_csw_cpu_scope_probe,10,2.05,2,1.09727,7571.19,1280,2,S
20260928-r03-W03,10006751461408,2.10814,steady_active,111,other,w01_csw_cpu_scope_probe,10,2.15,2.1,0.997517,7621.03,1280,2,S
20260928-r03-W03,10006851718392,2.2084,steady_active,111,other,w01_csw_cpu_scope_probe,10,2.25,2.2,0.997437,7590.49,1280,2,S
20260928-r03-W03,10006951975698,2.30865,steady_active,111,other,w01_csw_cpu_scope_probe,10,2.35,2.3,0.997434,7600.44,1280,2,S
20260928-r03-W03,10007052238037,2.40892,steady_active,111,other,w01_csw_cpu_scope_probe,10,2.46,2.4,1.09712,7600.06,1280,2,S
20260928-r03-W03,10007152510989,2.50919,steady_active,111,other,w01_csw_cpu_scope_probe,10,2.56,2.5,0.997278,7589.28,1280,2,S
20260928-r03-W03,10007252760388,2.60944,steady_active,111,other,w01_csw_cpu_scope_probe,10,2.66,2.6,0.997512,7591.07,1280,2,S
20260928-r03-W03,10007353022231,2.7097,steady_active,111,other,w01_csw_cpu_scope_probe,10,2.77,2.7,1.09713,7590.13,1280,2,S
20260928-r03-W03,10007453323082,2.81,steady_active,111,other,w01_csw_cpu_scope_probe,10,2.87,2.81,0.997001,7607.11,1280,2,S
20260928-r03-W03,10007553570027,2.91025,steady_active,111,other,w01_csw_cpu_scope_probe,10,2.98,2.91,1.09729,7601.23,1280,2,S
